N,P,K,temperature,humidity,ph,rainfall,label
83.0686043056702,122.39912387621862,150.44143316679097,21.10677130998335,54.1450914223506,7.819226354061503,39.009714869435136,rice
76.75103535967688,131.38552262683245,143.65599576293022,19.941162637646098,46.96295066135061,7.168892897635452,36.75070261214756,rice
75.80146595832545,116.53254833781246,158.80195471797416,20.69698660906703,52.41542478908635,6.596755997840144,39.980917458902596,rice
76.66223610035226,126.98132115342356,141.9128871841727,19.91638848745398,49.897700659804514,7.3929978277106505,43.946272153000166,rice
73.16069303067246,125.87775734709275,164.55032676533324,19.786170168135772,52.654698027340324,7.82158063952052,41.474439856613614,rice
71.2346016919352,126.70004913058216,168.99838926496975,18.600771182244234,55.74332849112856,7.825725146303214,39.72613414061475,rice
86.11421769307276,131.89221150672265,145.01474942113634,20.59581728802082,54.84419519193912,7.682070561936282,43.00924674087829,rice
76.57912370408685,131.17321353311814,169.74561063178223,19.672911242528368,53.65607947970134,7.554085450632508,41.631821932535885,rice
71.40926187155642,121.74003781476404,154.41926982548964,21.609846820349183,56.652468637681096,7.153046568418549,39.3464239518603,rice
79.87024682410238,111.04636232138229,151.91625007248973,20.38445669298497,57.008037203891675,8.091485192844761,40.50517075812921,rice
75.18567955984535,124.23052650383859,170.54259388678926,19.977566701466618,52.04409166879457,7.93446046621081,41.016938675547685,rice
75.97587520306256,117.69323601800818,156.15068981411017,19.958428608846003,56.7189614969919,8.074554776308617,41.256474618032684,rice
79.96932640501905,123.55192348153506,166.12294402391115,20.497500997703824,54.86548220862595,7.168260954307542,42.17573889936421,rice
69.09802511508956,110.7216501742158,153.40407975699912,19.397009095274502,53.531763191254846,8.81659825934444,39.25450136803894,rice
74.00762786321185,127.67824348169324,160.88096684165265,20.28712047926239,52.35499536928423,8.0975733881026,42.605166551099316,rice
72.11746798159491,125.52466390339501,156.58954224406963,19.206865540300726,53.83642098117644,7.370098198246373,43.726059649523165,rice
77.7751461469327,126.7996838701629,150.7175099326302,20.35822422672032,46.65594798099521,7.242614004456062,42.2157985902153,rice
67.06656105036087,132.53051536821695,139.88814267329977,21.43512030446078,50.32079039388068,8.133251177152626,41.64095150946466,rice
69.7963151541878,135.57671108605888,169.77546758220652,20.423187404490154,52.13875937585074,7.695550951006292,38.898943457065826,rice
81.9539337495159,122.01556546934845,155.77877272795388,19.52819198818291,51.01868985412799,7.1743999841389074,44.432575286259386,rice
76.17514822762367,133.43340909303603,156.38363465698734,19.64985481258483,51.97092240568031,7.508899251867961,41.336056585656614,rice
75.15481316591465,123.85422600380714,143.33385152417532,19.511522704357674,58.270870261184484,7.45714949796769,38.70324917860953,rice
78.44211857199652,136.7732995079794,142.62647192403833,20.24761008209504,50.99967161027036,6.949085801382441,43.138194437978136,rice
76.77782814223448,126.66449441437544,149.20539640381404,21.063641392369785,51.294688686061065,7.703459537911556,38.568970281024235,rice
71.27590360738644,136.23040934638112,151.50433799208298,20.86298315802982,52.90250328429128,7.564417657946022,40.057101274340596,rice
79.79264966031455,123.83950062461957,154.83884625541086,20.531481840062117,56.75197784116861,8.087339267171867,42.26478438798774,rice
74.28613437218775,115.66590910929646,165.16104890926016,21.693114060710688,52.56244015380014,8.022710618083915,43.25350750590904,rice
80.72036446492102,133.09636971514095,151.987056028075,22.36793723317507,49.045064926707255,8.171821237750056,42.54077367352957,rice
80.9161222906772,140.34313032365745,170.17616164612045,19.095291480937814,47.63899058724801,8.150919398771546,38.80013110068007,rice
76.82875063272775,132.47844353351587,140.84725042161898,17.908343240814602,53.83470320239839,7.790774633702849,40.706985349567375,rice
77.06374564102994,119.61196996975742,142.068908613982,20.299116898168656,49.919361767360115,7.003882664079019,42.56989918554652,rice
76.60273704146117,129.20024010167742,146.9835525402811,19.69456787401888,49.83242221530147,7.356724928843141,41.800738377014376,rice
73.27399248098745,128.81837048349428,159.4440989468564,22.995595325377344,48.58007416952682,8.184026156155785,41.094487312247054,rice
76.82125728764964,115.15211755693774,151.9441521173376,21.418461213488722,52.74764649798693,7.80786965923132,40.59564542996756,rice
82.21219215520077,125.96137094448093,135.62866278416172,19.652722494121946,46.748025311949846,6.254245183692731,40.00218102036857,rice
83.03790191010948,126.48043980638602,145.26548084679933,19.346849077606645,56.60600398098279,7.843568018997053,41.43531528052873,rice
76.6393509421945,126.41445449084851,163.8098084234665,21.183938959255578,53.696047167124235,7.283891373000398,42.583354326877796,rice
73.72943828535384,134.40146566970813,144.34194392366163,20.334835782566326,52.986573339408146,7.1525254640842,45.58505866402204,rice
83.62306687204236,122.61572463695938,163.49399880783866,20.97000951497577,44.69729345742356,7.886818497202531,41.16425542083963,rice
77.26987351933745,117.97468563105025,153.73344028522976,20.2848412007338,56.78882792911787,7.925993249550919,41.302555335018965,rice
83.93935993736385,121.92206229705938,152.6075969827261,18.269083439720344,58.00067299291028,8.219658192386936,43.589173711142365,rice
79.97171336027169,126.95740505456578,158.27903101196665,20.194113037891366,52.362405860431174,7.7953983243712655,45.06412061159086,rice
79.44945514912342,125.68147011690316,150.82660634860179,19.722937781898736,58.10753845057985,8.006301819795306,41.483782595285454,rice
75.2889868758523,117.73117708876268,155.63184755629598,21.578960398050114,51.76147366685383,7.664140108013668,40.76838650024342,rice
77.39155487388346,114.06886196867663,154.05172703464171,19.453024885843085,55.82348703353961,7.410824833194679,42.74681323801204,rice
83.91845058702559,123.75074481471809,150.61861786492264,20.73965307395449,53.00352357224878,7.30685290165484,42.45893595566456,rice
86.18387411606453,124.17061821309254,154.3566392415021,19.2186176114745,54.02486938557825,7.188735284637697,38.57226674830571,rice
82.78928689279405,119.2719088668204,166.39700190166525,22.379483142529242,53.83479046892662,8.028075499557382,46.15591634334607,rice
75.97843931615974,121.63633221273527,143.57146119957332,20.555453878185343,57.714541139103424,8.217449785918989,38.98090120227119,rice
72.93999624910194,122.30858174345667,158.99887560345368,20.251559698307123,53.69206901882153,7.9084230672639535,40.57567252441524,rice
76.7006498905315,127.68723685336553,155.47144974664843,21.123599653134455,58.96048200813935,8.046062095865183,41.45467934564639,rice
69.1076458299416,129.05970191592715,138.00758220033293,18.77068154852894,55.72824152652821,8.09933196195522,40.944630427967894,rice
68.9974260146253,123.31370855980059,149.8951831722712,21.28761625398583,60.19091172326923,7.8712157714117446,39.38442977751014,rice
71.48603866080983,125.69937348749008,154.60118102076615,19.08748893370045,53.380056397406804,7.233520187943335,44.07321734597268,rice
81.78815456748701,134.3326443378112,151.81423870852126,21.13713201690589,52.58991700787855,7.5888156250300245,40.47559098659855,rice
70.89018581477805,115.19752310124822,163.70582585201757,20.26887670651698,53.69833767873313,8.237084008691234,37.019926096773794,rice
73.26866217223412,127.45069759884859,159.93480312207626,20.04024847455629,56.28338314777112,7.868168866366773,38.30837661047646,rice
72.59221763046351,132.2192104382758,160.6073718892146,18.167826316057425,57.296508996150884,8.048884848286571,44.64644596135904,rice
75.11590559429764,123.88612647171638,145.69758576897942,23.625197922770578,52.451927626473726,8.510197471950208,39.71170137957094,rice
77.64180408457325,113.47601719531417,152.66913000099137,21.71440692614813,49.02868243515333,8.269959452778245,42.15233179660206,rice
72.07006734714012,122.32805999440544,151.95472898205466,20.443222702249162,51.30471833342808,7.384396038914765,40.561259450048084,rice
72.14877330783315,116.36545875379161,155.80702989843903,21.59029860448694,48.14565955122273,7.771717231759767,39.70509801407191,rice
72.37825166592862,132.58219435299642,151.4005979796123,22.347427389715577,50.52962108481802,7.950270838741141,40.75289621187485,rice
73.40755637601781,130.57105392902378,154.80566698508363,21.246242789123073,52.85956179181279,7.2638688525197646,41.06329857295779,rice
77.12565610281693,133.37696615557329,147.76196405973158,20.455758301790734,47.53337197171553,8.073810973259155,38.63535194359663,rice
68.5529554841676,125.67574377682598,166.62508388955476,18.628695033332598,49.54937260709571,7.423563315964896,38.51632703244108,rice
78.63633973105627,120.01416506278493,149.4941318973081,21.221754466239155,50.60698829773308,7.971845917793256,38.90828214717015,rice
71.29419130335515,112.23422583487607,173.7084583447735,20.110145564931685,53.78583122952789,7.75560628102902,41.71286806875343,rice
77.11519027510744,140.564165411479,146.51822988962363,18.588078180640146,49.79133956384818,7.147833830105323,43.16802980792901,rice
80.67051355021283,118.84917331636433,143.22264758528834,20.067655704070017,57.434583788798385,6.455584627813238,42.62182314200058,rice
71.92334905190688,133.99677054666762,146.1526093550533,20.153011369973285,48.2191078572882,7.314479313085834,44.751793111789446,rice
80.67143837944553,123.08426678813926,148.10038889606548,18.174290168442948,51.75791309781138,7.755674466477211,41.107957105679986,rice
76.45330160916795,117.63464529789549,155.63735728937684,20.456565927699085,57.11473693846562,8.640362003100709,40.976733142558025,rice
73.35088767900959,125.63211529648957,150.56194261408658,19.59076561661759,52.82343450207401,7.283688073367644,42.81885239382696,rice
76.40659973771905,128.01578393945215,154.54355116053944,19.609440013880867,49.99489822173572,7.65946247779996,39.955960476915955,rice
77.96500263435202,126.09032651924053,143.48637192740483,20.586719686342384,48.73887709743501,7.482676822826194,40.58662955823323,rice
67.31241364204496,126.81633950065367,157.67425740163975,20.30973475266211,51.66039416099791,7.595905856278121,38.89550475088902,rice
75.6418080472504,121.94201100263123,157.11830806683082,19.022757027737583,53.75929403549854,7.836851064668884,40.96539477276595,rice
74.85985710023802,130.30365759087064,140.65219871593717,21.07061588731769,53.78298172562747,7.902193131281455,42.26655022637677,rice
73.8706132657633,124.16041683802406,162.2314643642769,21.03393713900318,53.66744743235101,7.0640981915710945,42.649737309339756,rice
82.28093396353646,133.76448328263479,158.4514385240476,18.587811834880405,56.00783383544936,7.701430880739543,35.03826167705235,rice
78.62609628026789,114.83195494667848,144.10390166992153,19.722986493639674,57.05757884610084,7.59719179202616,41.98810875062394,rice
84.94963231305317,138.1865746275988,155.2897173144301,20.20701289379146,48.99965368872751,7.446321955332537,42.37078079440969,rice
78.71154747398182,126.95808342571526,165.585494996815,19.553939111475398,52.83162019164506,8.110990780766182,42.76441190794604,rice
81.82642150304574,129.12828797747315,153.35789895278313,20.949730331067784,49.821124190940445,7.005757735940933,42.75579962223278,rice
76.63160755238336,128.4577319415208,140.34203151791812,20.05496277183394,51.102072383134406,7.367181789345322,35.72619001374928,rice
75.34115413546266,132.91415212453884,159.83076234050077,19.76483005777601,52.962662599686915,8.122905622239724,34.47330665939671,rice
76.31147180273025,130.23449319184024,162.65402192334204,22.596464803564878,56.62010182169228,7.915800040358072,42.06491849072611,rice
80.51628245346477,122.04254288683197,155.88192558141264,21.619043089979062,59.235824655013545,7.695830515549716,41.19634182144443,rice
77.80159929617072,136.2884654624916,155.9745065356635,22.311820738453275,49.93542847741559,7.683350681164634,40.825078766784905,rice
80.51425439864462,134.0337997342219,142.1068799412575,19.37832159620929,54.08136962572698,7.462995507152043,37.542258791071205,rice
81.67665159757792,129.8619480479657,160.88250635354112,19.919227359470916,56.28261732154663,7.658211187522498,44.03436679328144,rice
72.68032261913564,119.66025139295776,158.1775341492212,19.640100641052637,55.158315824899994,7.89133589583427,39.02829935001262,rice
77.22211924189347,123.4655931869399,164.84512096348388,19.725946360126684,51.61314375077667,8.334766298159725,46.865753415468376,rice
86.10772290942019,126.60229895905701,158.310586844766,22.390679215162482,52.61419992094504,7.314902959709902,41.60605835949258,rice
78.96889723268167,119.84932995612824,140.82443236558922,18.736609285740766,55.126440561399534,7.416522864228186,40.96592958734112,rice
77.8665456076106,130.8091695005136,153.11882084775291,21.117688106084525,50.179052552781265,7.60144886214267,38.77682082963141,rice
82.10700046222264,125.91891264990085,149.32731555702603,20.070638878700276,52.30474779361087,8.09666747561406,37.360776656939194,rice
72.10118348725118,123.26256229623854,180.00040010193143,21.67986644614709,52.65549403719987,8.102019410502093,46.416668369366484,rice
75.80768082558576,123.35105514327509,167.62131364796798,21.112102528375527,55.14521840586614,7.5331459400589855,46.086386392083526,rice
101.63581738685897,135.03282297678703,24.24524291018679,18.861356982240032,46.42342229505057,7.345180918295546,262.2686852228521,maize
95.4640816750565,127.06249892321881,21.322174062422594,22.523040874996635,46.11130334106105,8.199735635061565,299.3544197030722,maize
99.19121555183936,115.6922247649788,23.424569444254583,19.470385551863615,44.05313628413574,7.723863410802916,235.42620441555667,maize
101.09240958871513,117.96555732872946,25.19372923573129,20.852493536415103,44.566147049559675,7.653438083454995,258.90398701874517,maize
95.41676257742922,116.62372471186218,24.708103972960973,23.314697498449245,50.8182199801218,8.296786389363962,278.90074745176196,maize
95.03633235330383,140.95037123665713,24.66874777133805,20.903645816213473,44.62720389415896,7.729542931670933,260.58266216389256,maize
98.55898292768134,121.27934056399104,24.197166497118246,23.86257532128658,45.231210015362144,7.577050708454478,276.1165138633723,maize
103.2655978685028,121.05230470464768,24.44444732853532,22.14688728171423,46.15624691189089,7.743376138098849,292.5181616070313,maize
95.02864968228982,130.36509454043497,23.979751497428655,22.867318230873305,40.10155929929298,7.378039678943784,259.07449927155176,maize
103.00062731137817,134.43986331637322,26.824143905050708,19.008015519363873,47.466105026473876,7.551858777094691,256.8836129643519,maize
102.26381553867199,122.55937242032623,21.667625808666145,20.52412743054358,41.339067873361955,7.387829639195908,273.5346882789843,maize
100.91127953860456,142.07231827323812,24.45559176922088,19.05927562642515,43.3603166177235,7.26308213203866,248.01849556169367,maize
101.64450362524384,124.69904799534521,21.815455987067047,21.868110096298526,45.11720578840649,7.851710781389784,269.26695370326553,maize
102.81112214818397,130.0169713529473,26.588021042805053,21.525622492722906,46.489354482331,7.876169517511647,244.18455514610918,maize
98.07843644303802,127.70273280386132,25.060337361215662,19.279218079617145,49.87424631669786,7.735274499398045,248.12297003490693,maize
88.90030890785347,127.53172824162128,24.618924965849565,20.085755413329775,45.67190471797198,7.3913995660635265,276.4261022471014,maize
94.75068170491157,129.42140401601355,26.205804033474077,24.22920909295552,42.67478939255197,7.472883731864444,254.0868067241093,maize
103.71852480893892,120.78510178675359,24.032772910190722,20.953108694329913,42.7537253795304,7.2455827777213715,259.93394504012196,maize
86.57314485351665,118.4705233052549,24.138696507515554,21.17707436702494,44.91462847372915,6.8689241420001945,260.1239718988144,maize
103.80238236126876,134.04750927327993,24.635153759351684,19.872814896979044,47.14109515138994,7.420109505130952,248.79835558757813,maize
94.2892086271488,140.99391473303598,25.079099432061128,22.450372054012824,44.11455891886071,8.119827979243562,257.9130262036416,maize
98.12127886135,149.07298110693708,25.891416852674762,20.359203566488464,45.18971801927658,7.837590823741285,287.00258596296857,maize
96.14981372452405,116.16791582440266,24.336800877046826,21.009766045834358,45.71938989740874,8.294421462851906,272.6538325337924,maize
103.88843905121675,121.15080319274693,26.04104756473025,23.63041745392862,47.527244102471265,7.804074470538627,270.0418351305784,maize
109.67866520349318,122.50456345068173,24.587103247191035,21.56998543222984,47.44846201243448,7.485419836938246,272.50347415579625,maize
97.40513221262897,130.65872001299132,24.555931661275398,19.552639502515177,45.36333145291465,8.091694099174267,252.04499436266457,maize
97.62402663867469,134.89521995427666,23.16321951513779,21.220408229448456,42.53175009460557,8.210450524416345,304.7001336527758,maize
111.07603986492025,128.01512041013615,25.851393437337798,21.142776606877817,45.69913562444621,8.400995918391864,246.39133340914302,maize
105.3289901381005,129.33986833540263,26.843964935259017,21.226195319297325,43.58767041322219,7.8149523664614495,279.38502975085595,maize
99.26949362013461,133.51959201485357,23.977350775319927,18.30292602123445,47.87366262045091,8.009599365405757,269.94856348975117,maize
99.46352766091498,137.7868246486863,24.073243076095693,20.100563739096163,44.907025337250126,8.235572066994258,245.3007194741091,maize
106.1404768056704,124.74558789414851,23.117361202967206,22.577340546321615,45.15682134704397,7.087423515687134,261.8105154959628,maize
104.59056724329206,138.99928919343782,24.117808809488256,21.50211909519019,47.36693206965227,7.389807995587261,273.2694942649709,maize
98.86747151092871,125.54904209153044,24.021202455207735,21.074814033783333,45.50222958193251,7.426307956429911,260.7314811002127,maize
105.673961705136,131.38533439607727,26.06658115951721,22.503992228628793,47.02561500801047,8.734523126779468,254.3201007187657,maize
103.8616498248916,127.24486298798753,27.508176727089943,23.131963243582796,40.09515282330259,7.240259657031625,278.23468051817673,maize
103.75144472581306,135.45393493539248,24.646860316604723,21.563579037339736,47.20051945399922,7.651211177826807,284.0621724964821,maize
85.62780286463557,134.65404350472673,23.21640559097573,22.197770462565607,44.797648548736184,7.277194293129657,273.57237375063227,maize
93.64050102738055,122.6167481898884,22.424474276356516,20.95675287162342,46.77484073280481,8.158975435963827,265.29435617921,maize
105.28477475353435,129.86085642546203,24.613559103617153,21.71274781357384,48.30525862266099,7.529648548458178,263.6562877402489,maize
98.10104726091615,130.36527536031562,23.414884402440176,22.285084082383502,44.32965403749149,7.900419271275387,254.31739493973913,maize
101.18945641782015,132.76893311881085,24.127339273270117,23.535544590553066,46.43204879816702,8.506696318601987,282.9678706530875,maize
95.1207604633996,126.74640065667356,25.399770906931742,21.067431357014545,45.55566538784161,7.555121921193967,238.5360744187268,maize
97.71709521775776,112.45683718043931,25.30430328046415,20.075975107555347,43.47118023593515,7.585978585667905,271.94721206585075,maize
90.54592663191984,116.11123728140188,23.16886185915853,18.41898991424949,42.785962196842064,8.420886808154812,250.60705951294375,maize
102.9285072359948,119.04526602742288,25.19633546860979,20.587709011436765,45.25786636856901,7.949463516058315,295.76467749980696,maize
100.21415608012636,130.688979930275,23.306530321625424,21.72506082729745,44.75026211924425,8.070872216979286,266.8680096438756,maize
109.40356506425657,114.2874994102976,24.311616778707396,22.100547804236886,44.46514658964165,7.321755434863206,263.301185574274,maize
90.85544446929015,130.6469099913548,28.376498233152095,22.432468652274032,42.39854170483479,7.284318502527232,261.0721074616615,maize
105.0265982212697,123.32721141361725,23.727023472767275,22.10466334121698,47.777267685887814,7.514713902052125,249.62490489783502,maize
89.84615686892755,124.28063694885418,21.439487237355163,21.93472991271267,43.703878698795585,7.909113508236254,297.5641065445404,maize
106.0285368098576,120.76147543898705,26.043048769468164,22.448621423395387,43.38686149751617,7.24744065770574,265.8086673463388,maize
89.53900988327646,141.16817934139297,21.179835350524602,19.596450133436864,44.68623822133207,7.582388714454239,270.2366684243568,maize
100.67026702016652,128.05846278378866,26.440523998895035,18.296008929648426,45.42042295666782,7.357541469214623,269.69707555787323,maize
100.36900280118718,122.62405683840905,23.80021409227874,21.988591471497138,46.372137689856615,7.373378170451593,300.31845928872036,maize
112.78133886789128,118.33833031648977,25.200307895797692,24.150275430322992,47.557192823435884,7.78908661179206,264.2294988737409,maize
95.84039238399446,128.06700345247407,23.934201565523036,21.92854422549711,44.33580214963697,7.483656283975262,248.2699758222149,maize
98.76220196469532,122.76187666891954,24.483667454696445,22.302476079947393,46.4181089285602,7.919920824211446,273.2864286097301,maize
99.40864121148982,128.73003222605777,24.294973182984545,21.946438931489496,42.4660442885251,8.305505893396543,268.1167762859646,maize
94.60709725769003,125.91390850619614,23.746688055905494,21.192157048182093,43.464567906417074,8.21391005373251,255.0211071542829,maize
85.55039176389492,124.03150739757766,21.769196744812618,20.94017748023407,48.30734399182376,7.985892293564474,246.0957770832662,maize
94.52653490016111,143.56463522659377,25.2251339322836,20.99557641945594,48.298908199108986,8.818399595044422,288.38510279353505,maize
99.88553809480382,132.48169301965595,25.66854567631363,20.21874244598716,42.53559364389787,7.711318528475595,252.3629805194654,maize
98.69163849148725,130.46921238642577,28.22884027049243,19.918557002640096,45.08896573431606,7.611346524511635,274.59034329674324,maize
105.27805348175846,125.90349899354577,23.53229281035986,18.924039974072727,42.89673038386706,7.934548908213432,268.30250676935145,maize
93.02178845574002,126.81971385719763,24.798845577290315,21.624734251403368,43.80372198681927,7.571617680589481,238.37620082373394,maize
92.21377029339996,142.31216895522206,21.502439110068984,20.564952817763622,46.01824177243029,7.514467336695686,254.5953738656144,maize
98.69392008957513,129.6824143907495,24.63014956196966,18.625554743345063,45.01915922573629,7.29272594101607,258.77623010983245,maize
100.40594068892436,134.70802223562146,26.083931841534206,20.365195044321766,47.939011970651684,8.228483156653457,285.8174717109412,maize
107.31690438455128,128.5871760620575,24.493496396973356,22.029477461984992,41.696747795964924,7.7837220288387545,259.0519908903057,maize
96.86506843581705,116.16639526037027,23.429533544968713,20.964578708378692,47.842130335114796,8.143755201641465,266.2801051474893,maize
97.93191575071657,123.25566626959164,25.349654474315876,20.678583725861543,47.07205951906449,8.495053955351098,267.0499274854291,maize
90.15753451388701,123.02083542833272,22.586571225076973,19.482721341008222,48.978063311070194,7.791669224004514,243.16452564990882,maize
102.94174317096085,139.53089140709713,24.217645121836096,20.13903059152164,44.50143191912718,7.818395953698746,277.843877438008,maize
106.08334182787613,139.15809900912097,26.512578655795558,22.705624899948315,47.2233198793338,6.981031099695149,265.467157478408,maize
100.92269545619726,126.73908867466515,26.105441698354078,20.536727352572864,42.89797709641249,8.353278199436053,278.26183454381203,maize
100.36005169708618,136.9338826382456,26.33010177349625,21.419897706824397,38.723123918407595,7.375527023602649,260.2396769839252,maize
93.20741976432097,131.26742027644468,26.52267496679083,20.37968782302251,42.32816598052108,8.62251329811,260.32221993175204,maize
91.7289116223641,131.5709661256974,25.384296655038188,20.10243269272236,47.57505670332804,7.4623623596650095,252.75245998917035,maize
100.11837506884291,135.72015960927743,23.810754783816492,21.40678678860333,45.166082995339266,8.989834465907725,256.194335637025,maize
107.28364301748996,129.3136364540834,24.5638466961663,21.899271137363566,47.85722112649441,8.271510211971275,272.84591529838815,maize
95.48852964584037,125.53642002176133,25.509003611680555,21.721988105435337,49.23091280937006,7.880119257928593,284.5898139708623,maize
108.07173663160465,131.0037475134942,22.545862117004315,19.50518013759024,41.50249575686487,8.421213057762143,253.9652300656149,maize
106.37828223216174,134.27996733648055,27.29949549350676,22.25370902478594,45.141886511032126,7.594867985469337,268.9369788834205,maize
100.09858398871168,125.59014347834176,24.70364713469929,23.01720451272304,40.782114989689596,7.80634943885114,253.00929653095898,maize
100.16857443489192,136.2578803759253,24.666545884511944,21.96390702134712,41.088157848452404,8.197701551807969,257.88693496448917,maize
102.75616537425536,131.14110305979156,20.912217995946033,20.038184429679102,46.021812230610195,8.40386430268561,272.18153792005245,maize
100.58852906733148,118.72576864647709,26.87753781216484,23.266264212892573,45.498745499959924,7.585769533039247,241.57716395480068,maize
104.30687983824589,150.7536139628642,25.817107732449934,22.5819269656958,46.8981959306021,7.232810994596059,289.028865065802,maize
91.71934287245435,128.08140090995207,25.166234324348782,22.10234628846345,46.554537180890776,7.865546329930526,255.34461373553722,maize
91.39366438527256,130.19958167257928,23.69737536519353,19.34333347908518,41.97084779341478,7.461066754634101,237.8280448364331,maize
91.04836802237568,116.99435953959589,25.02278259132575,21.504214108688107,50.89083678060665,6.996425405197429,256.6593084181135,maize
104.48096445971152,128.03385373567218,24.26647105153636,23.14295748296208,44.4986291415002,7.153858514021781,246.42728861454373,maize
101.05210626756194,132.09683730694547,22.71495306984498,19.74935818133949,46.87809813283207,7.953378959781325,257.2432772448222,maize
102.75502502324686,134.17195646241638,22.104002753522423,20.597368866352813,46.5521932614187,7.4228091992914536,233.23088184509535,maize
97.37486096726013,135.57480079960143,27.09920610767526,18.23126639353303,52.54283124851948,7.16726111546245,282.93306433656676,maize
106.39228792267572,137.37214427399613,24.974306608618452,19.52767271303792,47.128402062801904,7.35724224082818,227.06988004237095,maize
115.87025694592126,135.23240617288545,27.452178356138873,19.84227018750397,49.42018671094575,8.42041918217867,292.526700117717,maize
98.93089716062914,120.36198226205546,24.488772371056168,18.21617037530097,40.782458157332066,7.729532269070905,251.65359063637368,maize
98.07955913264225,128.87268761316696,27.619477710178625,22.624650449134105,45.29858218638906,8.244705456400244,255.052025065151,maize
38.307893833347,140.3113549511962,66.56884146115735,19.158090500257632,84.60966440629342,5.731275513961522,321.34480550730814,chickpea
41.2809955521558,132.4855663520876,73.33243883649496,20.16460231471986,95.78022373436775,5.3632127059407955,286.1736825586467,chickpea
41.58003472801074,133.62183672051393,68.64980185550688,18.452249615786357,88.96318550520813,4.821337626008157,279.00707917724134,chickpea
37.81315366313866,139.27603918079316,72.27011163325676,18.824028843883216,86.92668635017043,4.972837911522472,294.05636180730664,chickpea
44.22563992908,145.5081321167475,68.88176357374988,22.386131208459425,83.08392963416686,5.745383079782354,270.36881166765323,chickpea
33.42583100553641,160.453051960636,77.01828306584423,19.303364957753143,92.31272880011407,5.203340004356903,283.17651793201105,chickpea
36.547850553183196,132.77461057879077,72.33225910501507,20.852322414697195,97.96164564577221,5.296402593965676,321.1216640763515,chickpea
38.395428670565266,140.58921840204596,62.26724340463343,19.030201079294404,98.67054963516935,4.972998935850234,290.41183494435046,chickpea
39.96957471472006,129.75903584087592,68.88670115868842,19.942477678029785,88.71372124262038,5.509524184635544,292.46646805859996,chickpea
38.72834412453033,130.90067878171408,71.54866464594326,20.453889033059937,97.02426600638894,6.110971725181132,295.68479407487854,chickpea
40.03466399599874,137.00615866786347,66.74034791016194,19.457955688798933,85.88413764920344,5.146146947696451,274.2371339070522,chickpea
41.908494134111535,135.1210449942231,69.52328764987895,19.0732396039698,100.0,5.431524911461408,311.65904814167027,chickpea
42.0364435163134,150.8082557122191,69.30783622389632,21.462809391264056,100.0,4.884211699767259,301.31398926123074,chickpea
44.20537745657673,141.93310709232966,73.58707756266195,22.15726318543428,87.71069033859095,5.403195055749766,266.45455726440383,chickpea
38.45436524546147,133.18934495087288,69.73934541671117,20.76229163925489,93.9249127615923,4.812299871849173,315.67650795376795,chickpea
42.96713064845137,144.61128942160187,68.80952909952123,20.464641218365287,94.46299325186699,5.404469076189395,252.38669956031998,chickpea
41.9459210018355,163.25588955248224,62.3644537640198,21.836309457292906,93.46141457388715,5.234993724149706,305.21061455646793,chickpea
37.19702051505792,139.82308437282003,76.69716720300494,20.32785287499295,89.03230848011304,5.308492666567402,273.7370771572042,chickpea
43.943544437604274,130.6951443281196,74.14311653254305,18.9887780006645,95.15609768192053,5.237086092704787,236.61254318291674,chickpea
40.103475926547944,129.32516795677537,68.42854227640355,22.530023104690375,85.08817133077123,4.926460428993939,306.45800994728233,chickpea
40.405181489949534,151.59812500456493,71.76087500382941,19.457471848240797,91.01225435210112,5.670986820326065,297.7885922247167,chickpea
40.12045723011063,138.8516737693211,69.86838471612094,19.843171028373778,100.0,5.273518160453453,261.8122451554165,chickpea
38.937781070874486,144.63834318242243,73.14107310482154,20.403288917047774,87.61768609891571,5.278954523580226,252.39303030142534,chickpea
36.8965020635636,145.2578106884498,68.2766252677817,21.05330708011183,98.25419437753315,5.482421131640447,281.80814337910374,chickpea
45.38494500909229,144.1373097568032,68.81826761572869,21.506683540752825,93.68537167204306,4.992866053606577,282.7170964666067,chickpea
39.709961387279,121.64393776362714,69.60855274695268,20.218023041811694,88.91509876133092,4.736335387863732,275.2924615921806,chickpea
40.020048544486464,139.30561824021243,65.42890210228165,21.380169657236895,84.53387703393017,5.198424598667406,304.1069293384623,chickpea
38.40499508340912,134.07445295307133,75.01450724341439,20.09004230286956,89.71225697291625,5.343086828705765,299.6615970290248,chickpea
34.66709159998877,131.3652532575656,65.98801140801442,19.20147022939088,86.57299840313904,4.998697348060455,286.6720505745491,chickpea
37.922684353845035,139.47829178886502,72.09357769657588,19.653794167115393,92.1200917768958,5.801730220915779,287.02394080329816,chickpea
38.54647906615911,137.88264735405846,66.39736730599591,20.919536402090266,96.22463832617697,5.006162608381778,277.83743973702946,chickpea
42.855843832640204,134.21163641464094,71.16774658736574,19.285774918319845,86.79779540804977,5.1056237975317496,318.20187044835245,chickpea
39.13364021398498,134.0332794960662,67.97933371888541,20.37291261728727,94.9825979225678,5.3311102078036345,316.20066840029784,chickpea
40.632886796702735,150.4574736938227,71.52491408100241,21.3250488517335,83.47053527939029,5.230994723972749,280.28599151309146,chickpea
39.5334422978282,120.55312714221571,74.07427883743604,20.09938010675254,88.98401120668876,5.190476635803651,277.5987357551648,chickpea
41.09818797789671,127.87784057688532,66.42649492080578,20.936200466688398,92.18428115364901,5.152055000794133,271.7586437225476,chickpea
38.10972289910467,137.95047046059724,75.34115726037508,19.271058041751697,99.73862612427442,5.538106605668025,273.8011061582847,chickpea
42.00319931724224,126.25921914583759,63.04711881380673,18.98495251498348,89.13932097522904,5.168262247067571,272.7510936230952,chickpea
40.35758302449525,120.70035062062665,72.44787555485966,18.82504371022069,87.76247639159845,5.140607371457704,261.92536254771306,chickpea
36.81813556133429,130.07854942256344,70.30646894312049,21.305789271577915,94.4798197428709,4.956651445354784,268.082935123022,chickpea
37.90228308770927,142.17136566563929,61.75602122620749,22.106278374366898,88.72776358208041,5.023373885072316,287.18267593784026,chickpea
42.603876060259175,141.28070928488614,74.80086759935756,20.743257378311327,98.12833428389158,5.664987671962605,279.7704131197072,chickpea
43.58256951182107,139.8034712250031,70.72361525754812,19.439681888227998,89.80259962391904,5.5171066298532,259.2836202649269,chickpea
41.68197029984322,141.3308175110206,71.52850354535448,17.85314361257632,90.81992945457104,5.476205624646238,268.5662786054488,chickpea
40.33563995985804,118.68263556412825,73.19102757963533,19.759504702128265,96.16381804532926,4.688360436145752,293.14064570530417,chickpea
39.54792752445916,145.14322127861266,66.44900460833937,19.813799068039096,100.0,5.0086902902180395,269.52761858157487,chickpea
39.45250362919698,129.94168913655335,75.38220755578277,22.70714676562373,87.52529970584447,4.725286347197677,301.2415160519903,chickpea
42.786265214277854,145.2599669384462,75.23891036983332,19.5062888726271,90.46213402763837,4.8334264717174875,257.5017709429089,chickpea
42.47986790658303,132.85418909958068,79.97980574677068,20.66895819922766,87.87447429942375,5.52352770434189,311.8682645986625,chickpea
41.28842686853457,128.32543262397283,71.92295777784976,22.27574390066557,88.68150722630907,5.026499559732898,298.6150882918808,chickpea
40.45517884330604,129.27733837065213,68.75373808222525,19.64439939047805,93.01051604313979,5.30586992492951,300.87793414781095,chickpea
41.8264948164828,125.44828878429425,72.07487667492525,21.68476291073973,93.88568677172748,5.596957703984432,272.1695962988518,chickpea
37.82951980128896,146.1604392966204,65.85904219202388,17.911115827031338,97.00791237928426,5.042141374480405,276.281767615213,chickpea
36.7531928883029,127.4251962993149,65.47436987056678,20.13209871879908,93.41479180483468,4.544449336682928,294.15227584455124,chickpea
37.27308028944199,129.57827161720385,73.21830780452441,20.485226081918146,82.96151229468742,5.854570712288563,266.9169800843231,chickpea
40.713576270615135,140.09548622202823,76.31459157237107,20.014784258621432,96.9135457406056,5.036541927622959,300.3997244328458,chickpea
38.28168599912618,135.42662610478948,78.360452255587,20.968718590435877,91.98785325651018,5.980274623282549,287.55255025248977,chickpea
38.15374241159203,144.53707622562135,65.36844597901275,21.97043966387746,97.9985980417255,5.089969661748711,270.84692297284016,chickpea
40.543125751051015,138.55274915454473,66.2295849710645,21.278757626113723,80.1900926104021,5.1342791116621,274.6289546382438,chickpea
39.460486727808664,140.98701060425492,65.17281955071022,21.30397793296062,90.39821348622684,5.0655355500434744,258.3686946779403,chickpea
37.27040574378606,141.4280722700057,66.2880029595004,20.656634725221263,97.20905125252965,5.597774617553115,307.800766114421,chickpea
39.40505667489832,129.42180680683342,74.66485827225878,20.959622316573395,97.5488301414426,5.2746766290296625,301.64121019641794,chickpea
42.15559867647198,144.38584608379938,72.48237911432375,21.068388333354534,92.66380006355861,5.3426274626189025,298.1717480543942,chickpea
38.88587896996221,152.85196742297825,69.90831035069536,21.793966871691,90.89122005167542,5.193166666173919,315.7688134774352,chickpea
39.373640556490344,127.82647134425122,67.34237121507725,20.185709232728804,100.0,5.336570779697468,297.2348360586354,chickpea
37.707316050524994,141.3639783156619,73.19138771686846,22.801737210768017,87.56826366718582,5.4620460087874685,286.56005345530895,chickpea
37.65889791179108,138.2735692572336,69.2445683576428,17.706377689354902,94.66862663786593,5.44204313250304,274.0380131877473,chickpea
36.896216270108205,150.72722890015265,71.47969507967258,21.83263475719937,99.11904942288376,5.106432313849697,295.16518216502953,chickpea
39.53779431070528,137.9156389722626,69.99538503694814,20.575743884979154,97.49405088693752,5.310342948329011,278.8542254988179,chickpea
39.45261148068457,141.2701679362696,66.57920011442424,19.95676891507504,91.09936419346207,5.092218621096936,279.4496042833944,chickpea
38.64806467272062,155.08026963771206,75.96731142642577,21.132902285283123,91.09202806847479,5.964054640071387,286.9040251347996,chickpea
39.90921762914648,140.952976079306,71.64831466736472,22.318610244846973,91.28204059543657,5.935135047713296,266.5556037070317,chickpea
41.78890843688993,130.1138909971364,78.02752840107324,20.169242208594195,91.06696588733844,5.56348905777144,302.6492750346608,chickpea
37.441869038184755,135.5599400667473,64.46826294750349,20.74689504789981,90.83018507504696,5.160822275867523,269.89180180845904,chickpea
39.18934926251978,132.23553274411634,72.5897673667824,22.449028404930345,80.79955473051561,5.234502778145886,274.3886386951407,chickpea
41.303441439192824,130.52969288921867,69.73863808599184,19.293847772409475,95.20613394844972,5.302577582787973,278.7234892810705,chickpea
41.00934088871074,136.38785733662144,63.797490849174174,21.312886280781562,92.96665900552358,5.222449038574138,298.0827591237255,chickpea
43.051298587166926,129.36255465013124,67.05956256085315,22.487715982539978,99.16582117475224,5.037647734848217,261.51164045771543,chickpea
38.58357691377502,134.29776498591383,63.66981499566858,20.615852704622405,84.36659919951376,4.888369019770807,296.92061967925264,chickpea
38.473761059653896,137.8415273640309,73.01247602483082,21.581413164260958,89.53809123270975,5.285132986695281,267.511666846043,chickpea
44.32437338741854,143.83372990169792,65.69957803911132,20.58238243498376,95.2985462984688,5.422803604175716,312.33954347384883,chickpea
43.42156663825659,133.95563587098079,69.98033620710676,18.995127033558433,92.75381809229242,5.3189434672121365,327.10407922715166,chickpea
40.35313570716717,121.04838933431691,67.51965209098718,20.71608338798361,84.4990922177647,4.996907452983726,275.27581453830726,chickpea
40.9410364297152,137.06182588538195,66.60299018063317,21.54987689554008,88.42710771528135,5.113263111792038,258.15211093678937,chickpea
38.22624790655278,143.84886179207484,63.52802073638446,20.489498238104115,95.32142937380503,5.151911477670475,285.4996602971525,chickpea
37.43003292746198,149.3184879331875,75.0047864326597,20.868129433413934,81.76264601739786,4.940372576565517,297.943916272394,chickpea
44.241909640878305,140.89889551854793,75.62224589287365,19.82700396455804,90.34758668023926,5.271542965020394,288.59515613901857,chickpea
36.43827196370402,146.2484576319639,75.93981276690268,19.15909524527857,83.95448059631313,5.382051842792855,270.4009358467111,chickpea
34.411448948908415,145.15135892753392,71.01363105292425,19.98888373120243,100.0,5.315111274755294,268.7271257136042,chickpea
40.36174518565551,129.79624464312676,67.1413282742224,21.054392168040884,88.34726873299243,5.1285499877494,309.63381654355464,chickpea
42.187520047772054,145.10353486904373,72.58915467232124,21.17518804290887,99.37271748950991,5.2649980921244435,312.7844152129061,chickpea
37.82814814019848,136.31680368546546,64.53718550543607,20.152935570160345,94.22873072219484,5.730166924042732,270.2486886982223,chickpea
40.13103146113556,135.45153362819067,67.23887164984123,19.108914065900898,91.7186420431388,4.7233783419704976,283.31705757118897,chickpea
40.168696400695346,132.9718282394937,66.08936687417531,18.868247916581993,100.0,4.846753345040569,307.7552623330881,chickpea
41.56291714893897,135.41157651510656,65.47230981598935,21.864478902818238,100.0,4.975775274325214,276.4053973975828,chickpea
42.649622216844776,141.22422859023519,78.79945510442236,19.873447818912574,94.35949741233438,4.875547933108071,316.843676357354,chickpea
38.36026279414333,120.09555678739986,69.82590223205338,20.405225346831816,100.0,5.164021158041093,281.23679816018245,chickpea
41.546727292392035,151.61091446709156,70.08988549053889,21.86075571134483,94.22676860080783,5.177489331815923,282.75997662498696,chickpea
40.18728385803167,130.82657306032402,75.48024540537668,18.866626866924243,97.80773556102828,5.573034876632364,279.8789887348275,chickpea
38.27576522255604,136.5544631196909,72.35257832680414,21.494783703445055,92.95925011960645,5.584963664426368,272.0369052085345,chickpea
17.767855602418287,37.84328507388167,106.8948482447691,33.255336945732864,50.49210974027217,7.815213343754306,127.05132465975218,kidneybeans
21.05883476266962,38.54759610994024,121.64891152394776,33.66890484147998,41.32850594102642,8.82679228029402,119.41596401530916,kidneybeans
21.736337702983622,40.37732310885278,122.1313250185862,29.494916739820436,42.081041785133706,7.842413724605117,126.0970046982107,kidneybeans
22.8522455512345,34.82676150189709,120.39914625459896,32.39891022076436,45.40280198692893,8.291846365362932,138.00803304528972,kidneybeans
22.0066599098148,39.694106459037116,121.0796928488438,34.61765539433976,38.92357877917109,8.68667024445397,124.50434062858707,kidneybeans
21.020755486490046,35.55690649214201,103.98790715332805,30.538859850836875,42.119605423219376,8.305333471827861,115.3121578334763,kidneybeans
23.217422235030686,38.368920639624264,115.37749877317381,29.924645103495735,41.856245436499854,7.519239671115821,122.3541156133662,kidneybeans
21.38863558178765,37.35118294898475,107.17970260286208,30.756519752311817,41.576906484779975,8.143546244347093,140.63640148815614,kidneybeans
22.18268567276412,37.043670532935906,105.70121838405703,28.601993033582207,39.48523441383079,8.417515067458934,120.679131356498,kidneybeans
21.461180686734842,36.34397053608995,117.76040783047783,33.88359536747202,42.12579281290445,7.901155866147664,120.36589375501892,kidneybeans
22.502824330398944,35.429511951226814,109.15788439964089,28.65274121560802,40.21866569417477,8.294066822142883,145.98273277198248,kidneybeans
20.103952868532954,39.90836175901746,118.88412661480905,29.188403134574777,43.20187859829672,7.953443347116548,121.24351492782493,kidneybeans
23.857557506922383,33.43524286220098,119.79716306282982,31.876736311159522,42.403428658324685,8.138522964136856,133.14558399895887,kidneybeans
21.57681043162221,38.698258008947946,121.98876612456311,27.444309897491305,47.82804118470575,9.168799011481164,133.92870594431514,kidneybeans
22.681255927162063,34.56301444769488,116.28733727062156,29.732200776606444,42.383453845830836,8.534184983067655,120.38443643490942,kidneybeans
21.213973033192282,33.42967018420875,116.0062248087086,31.423836478190044,42.07348581329642,7.717764375899326,140.8016243030284,kidneybeans
19.828950398475406,35.37310938818115,111.43449717258598,33.503175217468254,49.470623444728645,8.226931224512214,121.04152196455975,kidneybeans
20.83215629452605,40.16493036536063,110.71732211740026,33.97974113976302,47.66514436249095,8.100146628887249,131.38889243517994,kidneybeans
22.34268720156733,41.27350278181526,109.73082034508663,33.47014295598722,42.942170072055454,7.694594703028687,127.26452793000047,kidneybeans
21.10590170397525,35.51609653878226,105.89483629868292,29.48831575872857,47.759453386660645,9.015992975445998,131.41914628562887,kidneybeans
22.902241153897318,36.582224562073726,116.57739574597267,31.785297073454693,41.08108111524708,7.587064689373498,127.22282476538363,kidneybeans
20.969971122168023,35.34379860020292,119.8357821658697,30.76129978482438,46.62338331275473,8.063660551695849,124.20627274026717,kidneybeans
21.54465964725242,37.363369588497214,112.42507862550688,30.501238977277275,45.906597315801534,8.379062799061666,136.24667180054175,kidneybeans
19.20901240240377,36.862522687891484,114.20626116320716,31.577153177555157,42.739394290627544,7.817802827161095,132.4274252233154,kidneybeans
21.609333793716278,35.110922044476965,126.49736103541915,33.12423868607004,42.41833861172796,8.46848290161805,120.90609241683471,kidneybeans
22.82497873089525,37.259516258646556,111.47784133842826,30.55534459970046,41.91259167211364,8.15915789845714,127.81422916051858,kidneybeans
21.426803713272882,36.492110221174585,91.39249782096881,31.429122682509604,38.93298980046348,8.184347906748725,135.067063982906,kidneybeans
21.73222864867967,36.87079983321207,115.85552284864644,31.005495330721402,42.4834921857806,7.783631400321321,119.4737771081495,kidneybeans
22.905110614797945,37.717711565549536,123.83943869032204,30.786106759065436,44.12144864003056,7.983707946412534,129.99785291141015,kidneybeans
22.441325346265334,38.29591576195955,112.38453100946522,29.792379180487004,48.30458709829256,7.930638192895254,124.27612534539728,kidneybeans
23.26026210193949,40.21714005068516,120.87092560196233,30.506038906303388,50.13395455961404,8.256355606578415,130.63647299109866,kidneybeans
21.161369875978252,34.54928642277983,107.73994967254123,32.018234781889774,44.96403636434198,7.95001604120064,117.59328552790916,kidneybeans
19.53143950368345,37.01030283898528,106.88709070049279,32.940765331864164,46.969502041154975,9.435335948690101,133.15099111828437,kidneybeans
20.620335237585817,35.77846739099516,92.86366268799425,30.139431300505894,43.46474284791974,8.534557808486289,131.1268415145984,kidneybeans
22.13563968504199,38.236846712146935,121.76388320942962,33.969714603528956,41.12434290446256,7.844848344820083,115.94760174887597,kidneybeans
23.457376100273617,40.69057999965554,122.40598507164299,29.007382414458274,44.38708419602917,7.952609619556589,127.09874069333881,kidneybeans
21.13954599311533,38.93072742024382,114.34494577247273,32.85760539820575,44.56750987563183,7.924327950577567,125.636465884688,kidneybeans
20.81566516270114,39.5965335322993,115.21192596893353,31.80803635301868,42.896894763451,7.347423172067387,133.3618696458781,kidneybeans
20.023453626742103,39.291361973543665,120.07204027395528,28.149465613795172,41.44116256210983,7.817358720437762,120.25680674962182,kidneybeans
19.864451479295106,39.42938985299077,115.43650798425972,31.978314087943154,42.79645779725328,8.21393794648521,120.78476014754034,kidneybeans
21.34685668356046,39.070925922003504,117.43628841071337,30.39780830773531,41.06690825353763,8.147297388501888,129.10316737357746,kidneybeans
21.04943674493547,36.01029610333042,120.93237890430512,35.909021149976176,43.13397209598304,8.229139867002496,129.34941517727998,kidneybeans
18.088478111829396,38.03351255523006,112.15472461655555,33.85173559159185,43.26174911255587,7.689863981372692,124.82711681969403,kidneybeans
21.594547050057976,36.48465750740924,116.74948345868754,28.715569698932104,43.33748401381943,8.441570516191764,141.42961935714612,kidneybeans
22.287228105488023,38.36892067740189,125.43808168670267,33.16616407357131,48.316902330396786,8.59014109341853,125.59085364574753,kidneybeans
21.71242393961265,38.15877434845058,119.24273845661222,31.630690371287702,41.86884031880428,7.04807121436207,121.38788488202226,kidneybeans
18.781770530668055,37.906881851528446,117.15143191763292,28.1128202264883,45.74514776310327,8.485701429180065,127.21276525307049,kidneybeans
23.520243556005,41.99259537167254,108.64482519867568,33.19916278917239,45.093242789839685,8.268622306947814,133.57696892808636,kidneybeans
20.45828763949792,36.411114331500585,111.31038579120624,29.83935821333207,43.67155912499762,7.3635285867777345,118.54918389111779,kidneybeans
22.12175735994802,37.59219939696109,119.81064358938595,27.71209455116794,41.8650856005356,7.797360102627025,126.73224513230107,kidneybeans
20.62875771951713,39.866838361920195,116.71003756792486,31.28693458154887,43.96690849648391,8.4088118266969,122.90614830366071,kidneybeans
22.82073938059898,38.79505643298169,118.2019981700722,31.333296402660515,45.30267898295339,8.557587176859995,133.66105662692948,kidneybeans
21.86304690821628,39.738865238553934,117.95127740732526,33.603824864968864,43.86109220117816,7.061862722951224,136.63868595811726,kidneybeans
21.51923082243882,35.10024304499571,115.72660160202108,29.597573312255644,49.467109665936974,8.307032675361583,114.58019705553264,kidneybeans
22.081522306498808,36.84972608061139,130.5891224893344,29.280904201488497,38.00833825529074,8.098046762352597,123.84411317289805,kidneybeans
20.84645577105881,32.90265774262892,120.11881718179525,34.39305485439905,38.8992118655855,8.633005275184335,122.16927400431517,kidneybeans
24.394300907873305,38.740577392953924,115.79953899337247,33.32795217352765,45.31776799515837,7.779437082103518,131.87525617569852,kidneybeans
20.725726355345127,33.701701474755296,131.39590421893305,30.599454123725888,42.325939772375506,8.230099395136323,114.64910108081742,kidneybeans
19.644432137642735,36.62115448768988,113.4673787630757,31.389841970726838,46.89014361922835,7.836753176441016,130.22524129712465,kidneybeans
22.152567257036917,35.29732034401136,118.72495187386322,29.48724218336136,46.73552600339153,8.286417936035097,126.61058622217479,kidneybeans
19.66223683936193,38.01568032638805,111.72951871758445,32.578920819025065,43.61669403089226,7.673017584448734,133.509200968691,kidneybeans
22.306496805524837,36.409019845695994,125.28532481742198,30.69544786385615,43.11633906455853,8.126084053578314,120.773506604021,kidneybeans
20.81431497234168,37.38942857662834,127.87311774108518,34.06732356900679,43.24887450648621,8.845571736920014,126.15682617407828,kidneybeans
21.86910263875834,39.75440226307911,119.17182460010117,35.784223127885035,44.572653666580884,7.486570683424826,136.3927104914118,kidneybeans
20.852257139399583,37.06367568307167,96.09655031457935,33.132178430833086,46.08855193340452,8.452869570816171,133.91057434353,kidneybeans
23.55017750789423,37.64874016558472,123.70834749371978,29.860103853241583,42.99864845192597,8.577608349572843,129.4536202165113,kidneybeans
19.670298875633538,38.57141731206834,115.83420355045517,29.719781631577728,45.07594927667943,7.8703993939856565,114.56669970024112,kidneybeans
19.95542554573365,41.760425042946785,106.47388599846195,31.672849212073032,45.5392537524968,8.375516425762246,117.18508295560912,kidneybeans
20.96838777124799,38.071985173924155,122.7427630305972,30.045531771349882,40.86445207022989,8.551383895756853,134.87247823293805,kidneybeans
21.855622269246435,36.37393208484008,119.9779385506009,31.460018442506378,46.139106745561726,7.461634744186414,127.36765147593147,kidneybeans
21.17681834795723,35.23931294854102,118.63495153883281,31.320509373772285,42.849570084879595,8.257834116924675,115.71791364582386,kidneybeans
21.312059287764843,38.73017172624705,119.1153966233624,33.27365471899822,40.765242883287584,7.336399035711532,128.29964831620416,kidneybeans
21.964767317075353,42.55471761851343,121.45259662195848,29.616111192775524,46.05581593626884,7.656908357181746,115.20914711923282,kidneybeans
24.72796518959158,38.4909944835495,122.14363587706357,32.311854629890185,48.70762858127648,8.203667104331457,135.72659109684446,kidneybeans
20.063020211608794,34.59945204768276,127.14421717415902,34.020834796344964,45.27743218523011,8.175577474541784,127.74646864643168,kidneybeans
20.498064233345406,41.238228962931416,121.74962355987051,32.203753224591786,44.92264217950642,8.573326505099768,130.3178803737787,kidneybeans
22.337060382164182,35.10510767062845,120.7036441684621,35.35669055246247,42.56446258151182,8.003818731837013,133.25440242011067,kidneybeans
22.60895248224269,39.16738008026577,105.75239665656592,32.19592352170654,40.81120740026625,7.667036994121808,130.64458050575007,kidneybeans
21.001375097318334,39.58688131100302,139.24206962285848,32.71247494707807,45.83657167737049,7.63266274763774,121.60580144418623,kidneybeans
20.01635255910751,36.546518876492755,109.44762310450807,30.017910104466704,43.38105924932232,7.581920232044308,115.71563622501378,kidneybeans
19.63431700483948,38.78115393389741,117.5394031583413,33.178975512672295,46.68423315592387,7.90130900264359,131.57037565557803,kidneybeans
19.532898512277036,42.92439385103196,125.51986702958742,30.851775411793685,40.86517712130645,8.250100191424481,112.29312196736826,kidneybeans
20.38114377040482,39.4490105384073,117.64974712635339,30.334320916142467,46.43725276760187,7.563500261514993,128.64596167443324,kidneybeans
20.7421601683262,35.83349878854408,120.37591621418312,29.393079432932595,48.944671819935735,7.783182589740955,141.5863172870884,kidneybeans
19.97747070961024,39.125529417565645,108.68992773743288,28.740028365386646,44.35218665427181,8.394086253266334,116.8147999613152,kidneybeans
22.899959732084902,35.94623989138565,118.04167850778623,31.967227829089786,45.49872922085734,7.196080730558421,138.76880056540656,kidneybeans
22.101571436594313,36.78889810316782,109.92264703705261,28.07813272319425,40.34268432411143,8.329901970917422,123.89688840174901,kidneybeans
19.929305809390602,36.55934174873828,128.11084371470915,30.634912703485302,42.3906919934008,8.719820980890898,129.99068602946355,kidneybeans
21.43767956143908,36.37620918359901,106.21049443626151,29.05990754782604,42.664787621320286,7.959875781520481,129.18889998447239,kidneybeans
22.08870651225848,38.25789916395835,118.66840268052967,29.365615157070557,38.251562315270554,7.814079733640148,119.24418149645777,kidneybeans
20.543649722006148,37.131029249410815,108.38051157713458,29.172485844995972,43.666800502936226,8.122197519428184,121.50688481915726,kidneybeans
22.020100002425032,37.25583880734551,109.95244798042533,31.331410187438557,48.89302751122583,7.7395239607858475,135.3353090863746,kidneybeans
23.148356940749625,41.14654299994618,111.33880436628523,35.03446200465934,44.23790603013413,7.943341811728548,124.73719653156229,kidneybeans
22.15260386818285,37.868755363163196,115.87647031199002,33.6621443403253,42.026112675959574,7.56131759600034,132.5043043442702,kidneybeans
22.283485400316305,40.230994733327236,109.58502047733948,33.28296311099926,45.20177078164302,8.919201829801285,117.01192957755113,kidneybeans
21.66084395323883,37.124203265999306,105.94799339284697,29.91439734947049,46.90202201928395,7.8392051117776145,121.00145498723623,kidneybeans
22.49472374382312,39.99292272578895,124.0538557160081,29.77411459027299,43.77831985652281,8.56497623937898,121.50661274211599,kidneybeans
20.41959248061649,39.6290341262107,128.09844886090363,29.09454020208478,37.08436205635138,7.36425827861946,118.80171131909398,kidneybeans
21.204254905499184,39.14794965752731,116.09006470971984,29.941680030722626,44.33548666420852,7.6006508977477045,126.12925040920445,kidneybeans
20.557836133527914,43.82439300432064,122.85925725708492,29.68912394910702,41.30343120698584,7.854102903806123,114.00217973674188,kidneybeans
84.69689433753045,33.849509651843526,196.08144364788683,21.035646742072906,87.53866086499578,5.132846981683286,153.9694047086189,pigeonpeas
74.78882777824519,31.637812283700722,191.75440528999562,23.6942979191597,83.32744853403175,5.286130941993767,150.24458979541242,pigeonpeas
83.14077171399012,32.92807935876969,194.32393011970808,22.31047685966082,81.1514672274044,4.955264324468101,159.1547622420113,pigeonpeas
86.68402790649832,32.580193771692194,202.48938786893763,22.197978585618646,82.35965718612134,5.502911263674186,163.47491107404664,pigeonpeas
84.58663324583344,35.394948801170365,171.80131470176931,21.020284277961558,71.14531744824188,5.424989953741307,136.46952559669464,pigeonpeas
88.5114041573648,32.58300245266307,172.80377738012447,21.605034000145555,83.6235761233569,5.2405095417906535,170.38341991722928,pigeonpeas
86.86514583266292,36.105228635983266,176.99488417630747,22.796999519964583,83.06482020878818,4.914382736513493,153.1253224878566,pigeonpeas
84.71883831912244,34.68537727717384,188.008807595721,21.19335994700328,78.64961571797593,5.28156466314288,138.33486439403384,pigeonpeas
81.8812824427919,37.486699107614875,153.76694527059357,20.95180417305333,85.7041909856409,4.55433386464802,178.02098343089858,pigeonpeas
71.82908733673725,37.24790615079376,200.7418799958596,23.06278069997643,81.21361172627893,5.163191895766368,145.72099383743284,pigeonpeas
89.16472859728583,31.98798981637691,180.57059817800473,23.167577549543488,76.804950039285,4.944383037493897,155.5301695058851,pigeonpeas
78.1894767123755,36.68787369844,187.3410956278532,19.872921622559318,82.07595048330596,4.819709919746472,147.93592326853266,pigeonpeas
85.42701304318975,32.8319345488636,194.21171618700396,20.936580497574568,87.15605534471997,5.041590807100985,161.92017311884467,pigeonpeas
82.27349311919217,33.2525077514062,170.89270076634645,22.618952777149207,86.93918423498835,5.697595121446125,165.93766403874426,pigeonpeas
86.30986410548238,33.858066053319185,187.86904979532372,21.82446421105623,89.53524760156812,5.341153120050765,146.2799543842555,pigeonpeas
81.52707296750799,37.10536561291238,186.98096375396065,21.556859296255226,88.1665971454847,4.937308587066139,151.42691064817743,pigeonpeas
82.68249552800228,30.25594658432689,193.10738706223603,20.274949823412392,79.49943197093283,4.829252476014453,160.7301690088476,pigeonpeas
84.68553326326371,34.32386393595803,165.08772813113322,21.746159527888665,75.01707320225343,5.14803300746937,157.40103168577434,pigeonpeas
84.94668716936422,38.49597058429509,189.40044847150526,22.642359647096633,83.01070736966898,4.996400753013252,162.9380360703195,pigeonpeas
90.65518687124023,31.614969237537682,195.20284556997896,22.534803005248467,87.05229909776907,5.196250873093438,142.51427569243972,pigeonpeas
79.051082550516,38.046291205758024,186.36789644874122,20.0019021206539,84.02714736284351,4.945033584093522,136.9777429025596,pigeonpeas
73.35062024745025,30.994611323977907,186.58124710251423,21.797792438181,81.07744011768584,5.14120322825505,159.56712854463626,pigeonpeas
74.30819119352019,33.67251676092027,174.46770495685303,20.243325241262067,79.60556690357464,5.0175965946018595,151.55091256291308,pigeonpeas
77.61355384455045,33.29804998000635,205.79227564695537,20.477638712747734,73.97624094055293,5.138341189955908,159.52552429984596,pigeonpeas
87.40306331687589,31.988293047282347,194.5816444613941,20.83076481997038,76.70334809995607,4.870316469803896,153.0077693395814,pigeonpeas
88.67883655004258,35.5756957878377,183.33955121203584,23.08449270430718,82.71034056888166,5.326607225911933,141.03946304124142,pigeonpeas
77.00381557992054,35.88821097495996,168.2752899845161,21.46535850505199,81.82342847028173,4.90687121963961,149.82166603175008,pigeonpeas
92.1408089459549,29.087416399368742,193.32346917122098,24.871311003705344,82.42437814630938,5.049107790422932,160.72444154297074,pigeonpeas
94.36649961438773,31.847699207699865,184.55330548633435,21.616595349906873,85.0703965045974,5.103142703113,160.10792117602836,pigeonpeas
82.88422781281368,34.39296728044111,176.20340182704828,20.989529240779596,81.60891552063619,5.011792255321523,143.17763088207107,pigeonpeas
93.04608871176755,34.01420455814147,168.34558577693028,23.305675112824908,78.61253085759625,5.209020230853799,153.85499250044043,pigeonpeas
86.31412717592667,34.64402472437559,177.25177322488176,21.91455363043344,92.34827942546961,4.376215271625505,154.62173397550868,pigeonpeas
87.25478208796952,32.12706516288772,168.49266920995626,24.69259014986743,80.47324472326949,5.68540479401598,158.96308837510222,pigeonpeas
85.4239327031462,35.271466900789186,190.582125549361,23.408142099406426,84.460171787177,5.098721901478352,155.64126800521785,pigeonpeas
91.93308490785724,35.973079495467964,172.54987508321503,21.02712339047321,83.94130099330516,4.865935783618069,150.5332252700878,pigeonpeas
80.15822815274528,33.75380626609858,188.25374762339194,23.16615091514725,82.35349319978616,5.684147609633047,153.3061260374788,pigeonpeas
101.32870210168306,36.35307179926793,189.05890452801245,21.206288530267024,68.35921503171467,5.007812549520601,155.65910980683938,pigeonpeas
94.84405189462998,31.453269729638833,204.58118789876784,21.53130147918453,85.88364274507423,4.284548196580385,155.29698470809078,pigeonpeas
83.2816867164507,35.69626199590867,184.59225488169966,20.36262690576712,86.98458058670717,5.26553786340933,159.52681832900916,pigeonpeas
90.18306572792498,36.5574159803645,183.34712531695024,20.08007391213808,75.4683056944429,5.464231118737699,160.5772980333691,pigeonpeas
85.55601803423252,33.39784271021798,183.93499526140292,21.893367745825934,80.64483215369388,4.84285418825568,174.01211929676484,pigeonpeas
86.20159318807792,33.04568361357842,169.24486061322142,20.908989729930205,85.86225718685463,5.284874223352336,151.99449472315092,pigeonpeas
85.29928586882745,33.66448974913727,171.38429992168258,23.568204177364557,84.1481563325354,5.805920836044603,147.02467299244785,pigeonpeas
84.3337386139946,36.10888045177666,180.88760813023174,20.04067512940417,77.62193807670376,5.085419354432315,157.18520818994733,pigeonpeas
84.55276293843926,36.356843318724,194.52294000962368,22.284219917903755,82.44071138381254,4.978162530693497,159.10411881232648,pigeonpeas
89.72749961569161,34.4168400841006,188.54422612075936,21.43546076093834,75.33700495920695,4.751281482089488,161.0884822175549,pigeonpeas
87.31611752615908,37.56405411052156,184.20532399043665,22.99512755206979,88.84159161910196,5.356471231635729,148.38882109103167,pigeonpeas
84.0937730292584,34.55915507028545,172.72780279732183,22.48294730346076,87.3648473729754,4.909023358097397,172.24009168926102,pigeonpeas
83.55214080406361,33.87455209501916,180.96268673193356,20.931835560635808,84.37148821484124,5.060936374164506,169.3645381165441,pigeonpeas
88.13402377491408,35.39845546471875,181.1470929082325,20.005866951970823,81.86589615650625,4.796976148977181,162.8079727991439,pigeonpeas
84.88012785791365,37.71945756338197,191.68700803282204,22.95677779208448,83.44700081221208,5.118151289419618,160.04896299300697,pigeonpeas
89.74302489401444,32.83012527917364,189.00997752194482,25.298797512183004,81.86497449778541,4.977358476939512,147.61331105150308,pigeonpeas
77.64469258017226,36.73831181152787,184.25893506139292,22.25385317806358,91.41857318243754,5.815879114852345,145.80142492260606,pigeonpeas
90.41594287351988,35.57572379028735,187.98899322638886,22.490410874024313,82.2015422760275,5.537485755075588,159.71052580912996,pigeonpeas
86.8060413767679,36.86287002552343,193.4909603119492,22.4678695426402,83.93540572214964,5.588187265816273,158.74629403479008,pigeonpeas
84.5914477468061,32.53429732833761,179.8289410840825,20.487678105038533,82.85339945859066,5.133669050995968,135.08801005072092,pigeonpeas
85.14318948538872,35.6334663804041,185.45213220296597,20.612223469673154,88.58680771755037,4.844457820092595,142.6854277086798,pigeonpeas
79.5344734712005,34.267477030144065,194.44164029495963,23.392825158461235,83.35518378798459,4.69351991005645,147.9624858632092,pigeonpeas
80.46510949795692,33.92892599859618,164.0642626725072,22.00873513011442,85.50084935202187,5.010076599759048,158.2758486296268,pigeonpeas
80.25247675576286,31.301198077112794,176.58151216383627,23.37981494039968,87.39900257318573,4.916573219835107,165.14388087300964,pigeonpeas
83.38192700128212,37.40450760942176,188.91169968595477,21.2689547556306,86.23864682306875,4.820089787901723,145.3698456004941,pigeonpeas
77.63453274469023,34.82418938613385,183.00182633803414,21.759700731840734,80.28386214812534,5.490961266537038,150.0978116917682,pigeonpeas
81.34450913283901,36.85605570988879,199.2431724595275,22.305310789399176,73.71482367986387,4.872975287017706,159.6759171468718,pigeonpeas
85.12587893342564,37.489698947420216,168.53049022217718,22.750645338930635,79.2113187073448,5.456130251683691,153.31810595342907,pigeonpeas
90.29393718206832,32.959834304506465,168.06141399802976,20.404411555463767,79.3117387199314,4.744045155599014,165.10538635147188,pigeonpeas
91.86674263374464,34.85394489227949,172.1954758063665,21.705585309565663,78.92023440286091,5.495871494261129,156.93179200363303,pigeonpeas
87.53261876265573,33.46978447979828,161.43218957866176,20.84938742628455,76.79344698690085,5.167157921066588,154.90434492168546,pigeonpeas
80.9454469912296,33.49257000707092,200.842508498187,20.602523324779686,77.77461307789582,4.985608355482742,147.55170311400462,pigeonpeas
82.84792783940922,35.38561486935846,202.66825633355455,19.52677182206418,82.21780713839937,5.067430652184503,153.23664754039262,pigeonpeas
84.08078746575428,33.591821982055,194.64881421553716,21.250748266275707,81.67915992765566,5.054828215625134,155.00557998613033,pigeonpeas
84.16368263475395,36.348121029413946,183.49178709420877,22.089153497395586,82.05380631785353,4.7506536460869135,146.34273498142525,pigeonpeas
79.67818158057278,34.688523912102895,175.72808291015033,20.468676142282476,83.4837862762189,5.214100485013176,137.7410716897426,pigeonpeas
93.65637681500488,34.3585633001263,182.42894223868873,23.260082917255115,82.65267308362618,4.871717242018084,174.29172091308718,pigeonpeas
79.55374746308219,34.09128619821191,192.9194423950383,20.4578450668993,81.80404386063343,5.1721046419044905,176.2052272523423,pigeonpeas
80.48028666505621,34.19407877695087,190.84320537514304,21.96714960341541,76.36767588516584,5.178644843355082,155.0060823561656,pigeonpeas
87.30911838386884,36.62016788890809,194.74799057695785,22.39568824118289,83.84172829979214,4.721705268184805,152.77107423229097,pigeonpeas
86.15956012538916,33.46704358084256,184.66256997805434,20.778314882368136,89.88513801997276,5.70757058288728,150.41254919891517,pigeonpeas
87.07813134251506,33.81035451316776,197.4981077189386,22.431410414228637,82.6898159459114,4.987027543368149,155.1777511968605,pigeonpeas
79.93143368820131,35.682071388261676,175.7225586358954,22.56242463697427,82.94810620793525,5.386949918929563,153.85521565419864,pigeonpeas
90.25528952067091,32.39437678349561,190.30056790629382,21.566910020221638,83.26704653554933,5.076623731056437,162.66425954557158,pigeonpeas
74.7311317011474,34.9568938777571,167.12512020923975,23.443768648003985,72.56556466577432,4.750423944302438,138.54436889758318,pigeonpeas
93.39904222920094,31.639992569028863,184.8421821167528,21.158073546008534,73.41982586719426,4.952566019466424,160.13640236829676,pigeonpeas
84.09529095568143,36.22844297784065,179.6006968391249,21.869842306177222,80.40758760842154,5.15906412698261,171.55958166818408,pigeonpeas
86.88364885951208,34.692212411074706,176.77539828976305,20.869919967261623,89.53817514026657,4.717529930351518,145.57414048140242,pigeonpeas
84.53824314316346,33.4149980198144,205.13528425198558,18.757176438819023,84.0924840012868,5.271021898236818,143.65805814715895,pigeonpeas
81.74673692181922,35.18225133354717,201.53686919840914,20.653454313623072,74.50895771968955,5.349804701336341,168.09274878098907,pigeonpeas
83.32607758216835,29.737214257199795,199.5800263301839,21.60044386034413,87.85824925002622,5.041674997468123,150.5409918594906,pigeonpeas
82.72973537845549,37.323799260849,199.38821579544606,19.056734272117342,77.6842351569122,5.593836057421564,150.6181805674154,pigeonpeas
78.09414314252422,34.301332324525085,182.39369953111793,21.73316370889445,79.93959738426787,4.9608188916695815,149.79931933256492,pigeonpeas
86.7390854804227,32.61990839079088,180.39688377055538,21.67187176268866,88.75627441612046,5.168115210140439,152.99853069879853,pigeonpeas
87.77115050232531,35.1277439471719,195.57015162718596,22.525214852977566,91.16708841505753,5.462673961921382,153.63335872686272,pigeonpeas
82.92057046834348,36.10802767811027,189.27818057392878,21.736804942443733,75.01401909330153,4.499118799426649,157.23040667192797,pigeonpeas
88.9683865343544,35.94523545411327,169.40887617875134,23.22147926502582,79.66998417819946,5.172667737059918,157.8627762301576,pigeonpeas
80.94106356271833,33.075475720328406,160.752206084624,20.658402945166195,73.40609861309092,5.187509504317944,154.57977927934638,pigeonpeas
89.69906115151048,35.025739792910414,176.59537552977554,22.3149413000866,80.3798019750191,5.239586082503602,156.92651971254855,pigeonpeas
79.9916250976051,34.29666861148834,184.19690413437417,21.457237088973805,86.72737959963493,5.574416914563133,150.61411225015277,pigeonpeas
83.24614310970414,29.666689576900474,182.16730753836745,21.288727020089226,71.63497853894329,5.1423604426458835,159.4736379818784,pigeonpeas
81.28994547356402,33.52548340433197,172.94133193706315,22.861035377074252,74.81404811730452,4.959853121018318,172.04158177938902,pigeonpeas
85.2986595322903,35.25492712673947,181.97195528383796,20.320409791855766,82.14656008307595,5.1781428067754165,144.5622819693788,pigeonpeas
86.77840894964191,36.8535819766825,195.370275021881,19.784837313344322,77.49151313042513,4.565447045637959,163.91050274527342,pigeonpeas
69.90939229902105,99.82827699176607,165.17676075850576,30.256964185031624,50.81486084678263,5.632529319224338,287.7506934620841,mothbeans
68.23636037680544,93.64110572771968,156.18732955831467,33.65496299712776,58.00829147484991,5.763698283830634,268.33120466803376,mothbeans
66.73768480438743,97.05583140408609,153.11766643966527,29.831164458701547,57.04193542084527,6.133672594688277,288.20540543342617,mothbeans
75.38866813788715,95.35281356665202,159.9160226577871,29.573774122628542,56.17928570909603,6.2140741389536585,290.5407545542298,mothbeans
72.36718324243559,100.17733261292706,162.85416057406246,31.872834028958497,58.60728185365165,5.951845854029572,292.76869432726863,mothbeans
71.3642246904506,97.00016153577184,155.41995716477786,31.762880467400763,54.9041014864982,6.066281530728601,249.00332262834678,mothbeans
68.41195643470456,109.87753686898944,159.60835314211275,30.072244456032003,58.12846704206499,6.164020812595418,282.1976758893573,mothbeans
71.86904014964983,96.68765853629692,159.30196124275105,38.36884024910776,58.43957633076062,5.5370010282711934,276.56383343282954,mothbeans
70.90091221558995,98.47108611110515,170.49532594010202,32.542649414394326,53.19270507854809,5.903998895946839,279.65863238225984,mothbeans
68.12815612934368,87.55979837974724,157.3402200582199,30.86209491048313,58.06384366834892,5.222463256461381,285.8068508895281,mothbeans
69.83519467445984,89.65392397484936,156.84031387126777,30.609008779303657,61.36006425337335,4.853486303646765,279.0711721929992,mothbeans
62.41180015364375,93.62195193649585,171.2259422794323,31.04840587402999,58.67433564722148,5.431401034750925,318.09907268699004,mothbeans
73.1161312820135,102.61140926582024,149.9620554373847,30.137504260487077,61.961096456726004,5.654675171136781,280.53125712779985,mothbeans
70.70630373035122,88.87306322309738,170.50368752377454,32.30484982458496,59.86440834524566,5.491187634005858,293.7152160899532,mothbeans
66.38640873131193,101.61486548075533,173.99186520112158,34.034930214430716,59.99437312605688,5.9389775693706675,238.67905986013088,mothbeans
72.79042456342336,94.53096305094088,163.8757477701029,31.720070521957158,53.334043795751484,5.536494469010859,296.1994148531802,mothbeans
75.21303035701592,92.51907138979746,154.1094921089423,35.08021906588016,55.109692406618656,6.433244520155842,285.8067201046203,mothbeans
65.643898211332,101.78761784409724,179.50310122935667,29.49146745535469,63.63422443048664,5.6247967653197755,310.351765006097,mothbeans
67.73568718527781,87.01610056292252,167.85514160147608,34.06337724051272,65.50914616665901,6.313082024577758,296.8269782506968,mothbeans
68.32942613209686,93.10883294230524,160.0645566097077,30.660552007860108,57.23256605568796,4.847903297043621,287.99881686847993,mothbeans
69.19772729753349,110.90782760969277,170.36558106901572,31.339587343287057,60.162908883765446,5.300612845953022,274.6369170432686,mothbeans
61.55058705893271,104.3937049848689,168.74848025035263,29.993249701551974,57.979965524505346,6.047438790575123,293.4054065541611,mothbeans
70.90799321632649,91.16436436185175,156.71723568558025,32.45360204941663,61.404199988473046,5.436861968887601,265.7688502773607,mothbeans
74.07618763577705,90.74645251849503,173.47873232044975,32.739965319324334,61.26730579772102,6.320216310065522,296.71450895794175,mothbeans
72.5456528404156,90.81840452811068,156.15075940237452,33.51615664020481,63.54798072670181,6.199284896307598,324.54755962137386,mothbeans
70.61109172921222,97.28065023559948,172.78496858969066,32.30599166388737,57.973049684266165,5.361855114216048,301.8871523119739,mothbeans
64.85954176784955,99.06529989707448,149.0724324886877,34.39205727667874,54.59910506332343,6.010952509443592,257.76881621420694,mothbeans
67.48883884054307,102.90639789277856,155.07374230869394,32.399464361063075,56.52072889336826,4.928608360094087,290.2075243662344,mothbeans
71.11587033057162,89.72309876274558,168.5563292502133,30.728776796525455,54.6878266235935,5.723751355402168,273.29103269922837,mothbeans
78.85249531129276,87.14453323623356,170.16710146473972,34.18405670465511,51.28059156370748,5.126664700620392,294.5556951293339,mothbeans
67.31542280501894,98.32314465161461,174.08768694450995,31.548832333851507,54.47635244566805,4.7844254293022015,288.4387364397671,mothbeans
65.4558801345214,97.9184534104799,165.21202189736698,29.588817306660932,64.21001589738528,6.093263794302561,299.4432361564975,mothbeans
64.39174816567798,93.76174373609592,157.60023748687735,31.466328044038555,54.266368336091276,5.870605969891487,288.859887375506,mothbeans
70.83768451124128,93.19361375676586,175.5695756078998,32.63286960640239,48.632141065764316,5.501657863281,283.96627752905647,mothbeans
73.33294248036773,94.37711346508003,160.5024360255348,30.986051801215844,60.5149151252829,5.567749152726278,274.6239522268985,mothbeans
66.23138180307008,99.32088693890104,157.73667208242588,29.024562210755086,60.36514305094928,5.480641211670759,291.0442869560357,mothbeans
70.87267476129172,103.05207318723988,173.15970118296767,31.156021024562104,57.610229377823835,5.278422988220735,313.6172395679275,mothbeans
71.15483560652613,104.15242265575661,159.82870735579328,28.301895473080528,63.539083876320184,5.75336441949556,287.2178004547552,mothbeans
69.54874678956304,99.82888867898167,168.15984856851293,29.189834752466687,61.98601125929089,5.539817328714544,276.95594532703683,mothbeans
76.50259248996399,101.41982503772464,159.6410957832803,28.6750951828127,58.75550763754346,5.906310523130266,283.5639370132962,mothbeans
64.13568938803554,91.55162096662042,150.67537756720816,32.686414305105124,61.05212524735577,6.073401621110151,272.42231179144216,mothbeans
70.29556076708464,99.30640289054915,157.9500569099727,31.981837258918556,65.60657046336857,5.791814073718735,300.03626995647323,mothbeans
67.50955838494045,96.35206368506974,146.18674985940825,32.22083242319787,62.35395805046349,6.441916770444375,305.3991198857387,mothbeans
72.17476257164023,96.41669020371296,157.0816772808994,31.959059978033274,60.33085427826407,5.451871699476658,300.89393192107264,mothbeans
65.22504935612484,85.8509394157623,153.05234547578632,29.04492446337225,53.39968779499668,6.110041835014641,281.51892181824866,mothbeans
70.22716456325851,102.78972741559167,175.25753203821571,31.292392561077797,62.82979880563828,5.853424867549215,284.9976808541275,mothbeans
71.15679747007485,87.8901356450681,155.26189253750024,32.05999033251155,60.31993157454109,5.593686365335264,282.76410960297903,mothbeans
73.35003096368783,104.25208754323123,170.44762893924192,34.725242651571605,56.77934606935642,5.616204407016265,290.3835248118431,mothbeans
68.06588588321382,93.18680997742514,179.1002507320626,31.87985273703375,54.8183473241209,5.888714383403489,316.32638045774564,mothbeans
69.65416285160174,103.21219057608576,158.66671420934085,31.318107821298067,55.78266698599934,5.6721681382137525,316.33582015874987,mothbeans
64.51226902220368,105.5526874772803,153.08804505749237,31.816674776104385,61.109296267909244,5.93775874961189,289.7625223017033,mothbeans
62.45821848490894,98.20014879717914,152.95197948742498,37.24319666079658,57.445976869723246,5.786183137147859,265.3362869342629,mothbeans
67.32636807035755,88.66624057249072,172.54378232418614,31.762150513033465,60.15566903686068,5.486390854363212,276.37305174830067,mothbeans
74.67572265205456,90.50782202586714,145.33503857100436,33.055918541129174,54.20622612524275,5.570536895811754,300.5256465270218,mothbeans
65.91345931705354,101.17699877868681,156.2872465666249,35.15556777382141,62.81771258440897,5.559576178142944,281.2953639641523,mothbeans
65.8579808506691,97.26460863961641,174.1827513894857,29.46821564993138,61.39439919694246,5.266912475831018,270.2426391299621,mothbeans
61.88286026014868,108.24980050517924,163.52140260658672,32.743252541632614,55.830519301065664,6.0876711402420005,248.9839551970869,mothbeans
69.42897458621145,108.83672808189385,159.212200471503,32.302572087211374,60.53823696061698,5.4428406746793865,285.3313793394812,mothbeans
73.31493077815544,97.23225499207729,166.57456939616853,31.592809927723852,59.29306748769366,5.7405420958368865,309.8172502102658,mothbeans
72.33088860695334,94.70602802647979,139.02536862915494,33.655125912864825,60.82814304367191,5.406638878241546,250.77580540031676,mothbeans
64.56919907178124,101.45229230298814,152.53727693340755,31.379656392100895,58.96065516526339,6.1417044803456795,284.6303847639597,mothbeans
68.90055146431831,92.94622547792527,178.8901311378092,34.33322457992146,57.85903560610493,5.241975500272092,271.4296642284291,mothbeans
71.72818377152119,91.95073429077402,171.67110291066925,32.96921404625411,59.21293942913178,5.945715725178336,293.4648896502281,mothbeans
65.76131537688087,94.23230593670034,185.82351368517328,29.930765301340664,56.53429687129069,6.087235590304742,282.21801870049757,mothbeans
65.9403867522244,88.48094791920452,168.18814902489822,34.244049001851046,63.078841552870514,5.7398633724140025,302.80638869712243,mothbeans
65.02198203225323,97.08018681573101,156.32477459084154,32.60595185661436,60.812249874187366,6.088618433257541,268.016927562694,mothbeans
74.5896568589378,93.37563048615908,152.91905022373976,31.939054194729827,53.08469801335121,5.722970263185305,289.89372008707994,mothbeans
68.48471475466765,99.2031499663847,159.87089570930203,32.277215107645205,53.16112125262128,5.736047310704959,270.3911080931629,mothbeans
67.44740371134488,95.57104529150376,164.81464439397377,29.08115974769321,52.73250135220656,5.617735462645439,293.0511229566751,mothbeans
70.81634521924789,101.2596373238671,175.66791315646825,33.23054715246522,58.12180755236914,5.367315765889367,268.7664091289893,mothbeans
67.37506946379463,97.6537705823474,165.10558289786675,32.27758825911708,57.657929577878804,5.937837866659125,288.50255286955945,mothbeans
70.55684075580344,97.88991890822096,157.60646110561495,30.273502913920677,59.90591370235727,5.86445444608757,281.17914397451995,mothbeans
67.58896924823566,109.25019472041247,155.5248126476556,31.84817097295933,59.11817391862905,5.325169846756658,286.945126857604,mothbeans
76.79506086552092,101.49657713057307,169.12841217871664,33.416408280074954,58.5820756911351,6.050399532507766,282.2761255285993,mothbeans
67.5595827649681,96.69970907378621,171.80234392312383,32.909129230475415,60.5462881274376,5.026551065897185,305.33785250290026,mothbeans
79.05283057791155,103.80922084325087,159.84216272168987,30.626647762276132,59.15991392664359,5.382585700321904,297.34721432843713,mothbeans
67.13284445203321,101.65109797710836,176.26488414112816,28.3346021190873,59.21338151444382,5.481689932545025,260.83857805969296,mothbeans
66.75048961755111,94.84874137227555,173.0536890678621,29.323680267582393,61.860036014146225,6.414167186069946,295.1549286021928,mothbeans
71.58868646613494,96.0338581815194,151.45929383492734,33.30488416667588,59.531976255072514,5.972542722673269,328.858854899144,mothbeans
72.34497305789525,98.5662032692496,178.21825172441845,29.664815040178127,54.20144491199484,5.592596286587157,273.74384368969345,mothbeans
72.20419812681085,94.28068150217794,179.95855549713414,35.2132046319087,60.8798355274654,5.58889387003887,295.48847167714695,mothbeans
72.69133495506564,89.96068924583119,166.35745170647212,33.63652255072794,58.94693245793685,6.260735484558042,305.69868340112737,mothbeans
65.88440415804594,96.82911134242693,154.77867320051564,33.391486034601186,55.163534670303726,6.038356553163542,291.5767111571341,mothbeans
73.35585364796673,95.27460612340246,148.7095260845651,35.68831516502913,57.58863839860145,6.193994200871861,292.29539835953005,mothbeans
72.12092890951381,106.66283185938252,166.27391410257772,34.98044672679101,53.00867885822656,6.020433314645625,280.8053982190273,mothbeans
68.76047336371575,96.1615264999929,166.33542822756036,35.47790330025935,51.718973511927715,5.736516926850201,272.6914237389681,mothbeans
74.16678947760542,93.67142911099653,167.41325673655322,31.499739837075754,60.523662373362846,6.069764304524137,278.14667987197413,mothbeans
69.52218002855231,87.92050543296597,165.93333253064543,33.9272453522399,56.251976422109124,6.106001144462572,249.49456459993667,mothbeans
61.61821072144632,88.10571836803408,158.2077194748984,32.30542018868557,57.9158029014848,5.698367055111547,297.3113883663242,mothbeans
67.35448460908916,88.82463160113286,150.7871662258587,36.35983402413532,49.97881417836097,5.660867872252077,309.8658388966479,mothbeans
71.32842916372589,91.32748042942286,162.96885687679492,33.94205865879999,62.40937052430283,5.412669264315129,297.94194212629463,mothbeans
70.36824198980145,102.48000649073994,176.54136637093336,31.604676566758243,53.12994754330721,5.857282953075137,315.31472508396615,mothbeans
72.16946456374222,97.43853646819869,186.42214475798593,30.255712755831222,61.34391863606627,5.525576566387845,285.78937900970044,mothbeans
69.69090612893783,104.84568038166618,153.79621917459664,31.23335500951679,52.629412875189196,5.888646279890791,277.10667165744906,mothbeans
71.07306729429408,89.92208631216555,159.4338454791922,34.28090692700746,57.58252586374907,5.936170492799711,293.97331597151566,mothbeans
67.84919586253022,87.11671305329904,172.58159242499778,32.599888837390175,61.62424836859531,5.030475069050011,256.65286528032027,mothbeans
60.4062866902253,91.05482360784221,173.13447185558616,33.36522400397781,58.07190856112184,5.766451324700017,297.9475846822336,mothbeans
68.06140194303526,98.39526326201847,164.31579963682313,28.03490214885128,56.847538019012234,6.187837823288085,278.17299767922657,mothbeans
68.72295008388178,92.61166174712947,158.2093094499914,34.44564168493614,57.25514207017986,5.37057995565532,231.74754516566628,mothbeans
66.93614891045407,84.76926732345672,145.11696131661478,33.80896547223971,60.66547508573148,5.063250365979222,299.4980831154044,mothbeans
125.45463547292825,14.418856030641354,62.527901372998734,31.481861819381805,87.10752518517135,7.606652736147326,101.64779763871864,mungbean
114.08529875976099,14.460422098786209,65.13597615329094,33.45822885687181,81.2723074772695,7.89256567768044,107.15094643504844,mungbean
114.96575078781886,15.707098586358471,72.581302283166,32.07062147217317,81.66516920437498,7.249834330143169,98.8814331307104,mungbean
122.75268766981219,15.519518475278122,67.27484158570844,35.90675270136003,90.48695817648347,7.1032358621277965,96.47618822457163,mungbean
119.77358484896008,16.32931195736756,66.17445732229551,32.04738985979897,83.60257286484634,6.9245109712314274,96.34480167008765,mungbean
114.70976165355526,16.085171616095447,62.91497563794522,32.45523832257717,80.88419037223433,7.253585112355195,100.51687390768421,mungbean
115.6093809004689,16.058672997166084,62.51691649404504,33.51163099722434,77.18495207269218,7.524821980689369,93.51297914961961,mungbean
123.0611324068446,15.805161676526911,66.30115403079496,34.98465691429829,86.87258109771433,7.995959892394882,100.84577316207051,mungbean
118.39311189859959,15.356722361992547,68.31060302602,32.46645371142277,87.87165582138566,8.260043169891308,101.33917528890002,mungbean
116.1272166310632,14.423726931953004,66.76088570752427,33.046058207155525,91.56727109871593,7.565493101029871,95.17006799120985,mungbean
124.0911397684148,15.181142231777672,66.33934424364816,36.72272870136393,93.53904167208657,8.035913293243105,97.92930032217119,mungbean
111.91973023640205,16.152836762232244,67.2112335225487,33.73522922441894,83.18083299972493,7.737343780479579,95.30706986511366,mungbean
121.08564021634899,16.968742455773455,68.4315045106374,29.978520589443807,80.85057889258837,7.00636362207373,91.78039640315444,mungbean
122.8206971312212,16.004462985850907,64.56622817391944,33.82560061507325,81.94862206274064,7.082145829362593,88.23187279245042,mungbean
112.69896451004747,16.96092905111663,61.58073848708143,35.77711045301964,92.69224961465208,7.657538823960607,96.07923722237153,mungbean
114.4452531508644,15.603300186913879,69.61493799169205,33.30651624500822,90.97882760911583,8.293115107987225,98.34145544482087,mungbean
121.14313907362245,15.567345155123098,68.35458145848682,31.057943404257315,87.92295463408765,7.836375497869251,91.3582694165455,mungbean
134.15864106470005,14.712196502005982,63.4641463104082,33.840861119595175,75.84115147342999,7.37258479452379,87.52034048816986,mungbean
111.89952740283924,15.498908236823725,68.23950208241175,35.48925607940191,89.9795898855366,8.290947615123539,99.7434540413528,mungbean
115.44666258995265,16.6694080489382,64.98727358623458,32.05230005686367,93.70523781565858,8.106240390905407,97.60263952748565,mungbean
124.15297901785468,16.446855681177855,61.46408192888357,33.09104904352193,79.73187284593841,7.796198367783638,92.44271461005167,mungbean
128.48061897885353,16.108243241143683,63.677727130415995,33.24082121417625,79.56107384127844,7.758012946202493,99.49519655967003,mungbean
120.65476315772541,13.80778769689893,65.5930077527144,34.29467192228717,87.3874700247026,8.278354571875695,88.87326054729135,mungbean
122.51016778580647,15.008219397893967,67.72528110552942,34.08683994130168,89.35047455027025,7.469799483612682,97.38863224192325,mungbean
110.4154050120564,14.293454170077421,69.17407462524781,33.16483044756666,77.44288453272927,7.34229282663336,96.42363760360554,mungbean
129.87443708080514,16.60081578712612,70.15004337539594,29.697388386658165,85.29605126954168,7.960065738155623,98.59307001596389,mungbean
121.72922984002612,15.399039562196094,74.01450290798508,36.2281059095669,85.31240402327126,7.281447833481337,108.21365320351265,mungbean
114.80454367355098,16.743078391979143,74.62423397328071,31.382067840464398,87.29631670337477,7.57578590808723,99.29304034088074,mungbean
121.04392429183437,17.447049414357778,69.30975910062799,33.25374293286296,91.610280031526,7.610986426662636,94.19001383248651,mungbean
134.75588644566892,14.846020481459027,64.96167443270429,33.359126923956985,80.33619544999942,6.755123694719818,102.42777878217915,mungbean
113.1421113498647,15.10894450102245,65.43067242843513,31.30468406177568,80.24642168944146,7.812444568763898,110.20969203992654,mungbean
124.0166125170091,16.319992710005987,60.86394066124929,33.22220303898807,79.68118004558957,8.09723400613433,94.9835450313749,mungbean
119.02378206960984,15.534358825408614,64.57867779098909,30.22263925257734,88.78760081478394,7.093139656819349,89.4589050597285,mungbean
116.62207226939992,14.95353822665179,67.9847329773825,35.29449949611864,87.07868454219107,7.829262449639239,96.44038179107478,mungbean
124.88513882154355,13.881716517865925,68.40953989793907,31.40147727930767,79.42394204413829,7.739677817917968,94.05922675691824,mungbean
122.92043530862405,16.65261150873485,57.5573867783625,33.12529392338031,95.9095652072132,8.141628697236301,104.69247659318631,mungbean
119.47773891925458,14.267779663780649,62.39635066392637,34.69601820357337,90.74654855920967,7.396631513730203,94.74955138059518,mungbean
120.62033124241047,13.971732835900424,65.51964706174802,36.51210475655306,97.08402402849616,7.687048165895853,106.92671219224079,mungbean
114.99675428861067,14.855679667334316,57.910414201581986,35.18765240107149,83.86176546024453,8.82764844163135,98.22988643137502,mungbean
120.10117544679272,13.919518863021562,72.9782390328369,32.544876079312104,84.96547261096683,6.709900133506082,101.68283599592382,mungbean
125.82816592710469,15.048962375285821,67.31037136512872,34.059849826323145,90.77665579727022,7.787009884745921,106.30687216425763,mungbean
117.03189104014167,15.04943700934937,65.05851979772564,28.19144803076921,81.63831662703858,8.207865299404435,97.85819665895642,mungbean
112.91847822144392,15.949623680483564,58.80941755106999,32.70727016263235,88.52536298336834,8.06453465699935,91.83770104847555,mungbean
125.30826379679094,17.379895756972164,65.22836351529467,34.76409139245266,77.77188202557471,6.825608615436804,99.8876041362462,mungbean
119.0964281926924,15.81069393405569,64.60343020982491,32.69366361915227,90.01406667044435,8.540956011565562,95.08683317992588,mungbean
106.99311978516674,16.82257097412674,69.38726544921943,34.650987460939795,86.77157291029266,8.823531245332955,96.78692538383221,mungbean
122.48202629817246,13.881300795028503,64.62624642970249,31.909118621046556,85.6785095762759,7.9033032670228325,92.00210790451476,mungbean
131.18799015530925,14.622501789296377,65.1448801167788,33.76342108411557,79.36773983430083,8.007040538425375,100.0218941614661,mungbean
116.71327838501149,17.421026554160335,67.29101149103734,33.84926828967723,80.8699865129868,6.960498093040812,92.68866380592479,mungbean
116.50519181306922,15.19629780710277,70.06134127826654,28.50218464342036,79.97187382922101,6.889681692876962,104.13562918133044,mungbean
114.7632187615724,15.140447246078441,62.51886141540287,35.089223400221286,83.70595829656573,7.844687564021444,84.54656606678712,mungbean
127.1897236403082,15.99692891751616,69.19007474549771,35.7664476352772,84.83935876255016,7.663621646664275,100.5245393894071,mungbean
121.8691689085445,15.39562620870852,67.14522374073455,32.2776264916572,89.53987171471611,8.177522903654681,96.39196896705229,mungbean
132.2734569325008,14.178285045673064,66.02893748422971,36.72421479192523,83.66506762668456,6.995466783183653,104.47266749357713,mungbean
122.73408366629994,14.502340516035803,70.10254775306852,31.238817532658565,78.91101239510057,7.6715179779117575,93.57500834355398,mungbean
110.96263895774565,15.283425912948612,62.91781732607691,33.413213343707376,85.73212336243367,8.090667649774367,93.72822010318224,mungbean
109.28695450245654,14.384578240426457,65.98318841223342,36.378226416237204,90.24745392204669,7.443365616345412,101.8493697505516,mungbean
110.5195355188134,16.583865665454322,65.43027173800208,34.83774484707092,89.07875621110743,7.613463942875826,98.27975312377316,mungbean
111.18563952437695,15.559199464559422,71.35564531158464,41.52503575757757,89.49784299991992,7.7842424455028105,90.48843055447581,mungbean
126.43300302217666,14.067188360773226,63.73629465280124,34.01482592659922,79.61329677357378,8.462971450604275,102.73489398579738,mungbean
114.76563738187025,15.105720095770296,61.6506089355297,30.481576563479848,88.15240290141425,8.034801739525077,98.423329234113,mungbean
120.74786910762896,15.101051180713457,68.438304493214,30.337802804745714,85.90211930705995,8.432357058858868,104.07658558515578,mungbean
115.51815143171513,15.314357705690254,72.55386689627301,36.88955400288706,78.10294652389882,7.5440983065513265,97.74369642540418,mungbean
127.58748363431265,14.838968224323812,69.58114311911143,32.692788685298375,98.1794793711272,7.944745896147288,95.59885715724114,mungbean
116.44148710746256,16.62681555671106,69.73244505147628,31.119794859172153,86.98940783089847,7.117588243979066,91.98411556774195,mungbean
109.55476627285056,14.37873757967995,64.2069466123352,31.326761227255307,88.60307930211141,8.116661670245575,94.99524850402706,mungbean
110.81514848069844,16.390093569947407,58.79599167662258,29.413470368452273,89.63919455364986,8.050964513406406,102.06154360164327,mungbean
117.30199040788233,14.439723771251167,64.92586521695148,34.43915804715675,81.88987390015765,7.41553289761044,88.26606114391734,mungbean
110.49511292854689,16.427083978167587,68.82657868430991,30.962011709152257,80.26253171049298,7.48104717821427,99.57937781158175,mungbean
110.46127624521921,15.471659623045001,58.30639425507465,30.769548084193367,88.04960917581431,8.164202205367506,89.6540280475371,mungbean
113.29792852589134,16.384523803183402,65.40876604202028,32.2099464017384,88.56020191768812,7.8359062466518905,102.86484457814763,mungbean
124.557494056931,15.087605708582407,66.50892883961505,33.17962398769811,78.83641204989104,7.289107443451346,102.05262106824503,mungbean
107.4648312488505,16.571319854350495,68.14785716749638,33.02242947822242,88.66664597920546,7.967657405520544,103.43622518213965,mungbean
115.99207457649126,15.417194752420043,66.00129917190941,37.08828096380109,90.78200622010675,7.313130483547551,94.46291031405889,mungbean
113.80846699796109,15.646651966476076,67.86600647592395,37.91552358494465,76.4233237430688,8.22665407393176,98.95131749905848,mungbean
113.84508728182475,15.493926740891466,65.00203835657899,33.40943426926667,91.11142921547746,7.036938202259296,104.05996163411169,mungbean
116.21406077723027,17.05407455911215,68.67880926759628,35.79048604230891,88.83544910345026,8.254684729283372,96.76002947884746,mungbean
112.9458808618901,16.272693181449956,69.89474730194796,37.53280378062103,75.53318872792529,7.656191665628544,102.61614979187479,mungbean
109.93711380325811,15.425800631637536,75.58456124483482,36.165129650295455,81.36789622815513,8.415425584011587,103.33765427224353,mungbean
124.50772164522145,16.00154239046232,68.00012184984541,31.57814374866885,83.26021807474851,8.092431759376261,97.2850923789267,mungbean
132.20173176756876,15.329804651999826,57.352853522736424,32.65739601070475,87.37970666516448,7.929645283436516,96.87039539223805,mungbean
113.0723125219262,17.05379659006608,64.37154631042513,34.75809700794473,84.46655192705522,7.193271807126266,104.69587335761129,mungbean
101.00918310893499,14.845869470581308,68.80622403153431,32.6206297672682,89.84536954467349,7.706500186942145,93.87219465518669,mungbean
134.46210079122034,15.443099601390522,66.43395566339979,31.170038367082107,82.11134694881156,8.056975718172698,99.78783507932545,mungbean
119.02591189750335,14.993515954570661,69.848595835687,29.931692979982987,84.22569103571094,7.637880265319972,91.62459751382299,mungbean
120.12772388156232,15.027214506371617,63.855756439596,36.96519355370941,89.84109753859649,8.316434196380603,96.85514511819854,mungbean
125.96459679097332,16.39420479924079,72.00356647045658,38.10798643676302,84.86279518772662,7.880171020034635,96.28379202673185,mungbean
93.95453959380728,14.349871176790296,67.20495812748086,34.63967167208472,83.07892971499376,8.290295030714784,104.05023314006476,mungbean
116.16776197491099,17.00627409755259,74.20410582959134,34.307905344025215,81.00208286396987,8.447029955071741,95.67489337851578,mungbean
116.4472239419382,15.779670926327372,64.9906569070242,35.532800809775594,90.10507277578884,8.332335289224638,100.0126375769437,mungbean
113.48964082999925,15.522856744719899,70.69553912302734,32.57317509437885,100.0,7.652027189292656,93.24685959567469,mungbean
127.38674741624222,16.376128307307628,67.0551621693215,32.927153719272816,88.30104391835984,8.154185027776402,101.07008601360758,mungbean
117.01476503247018,16.07913377368919,70.56888296476441,34.92087088654286,70.15418165914393,7.350145355282475,92.1481191431361,mungbean
117.52484660135327,15.84138096129209,70.88114255495287,34.625814368484285,85.44196499308347,7.775696435726795,106.84807885079871,mungbean
114.7902946292595,15.959306985657749,73.47676356346649,34.08139428081376,75.54125444946297,7.939591418624387,94.40102546071093,mungbean
118.36303490540531,16.661322341948342,69.05995673481668,32.85944743656675,90.7057881909645,7.967708450752571,97.25692933099275,mungbean
121.32404152953129,15.910995578180497,65.79940100231318,32.468685867405256,86.22776588666848,7.320337054670716,89.34717697596012,mungbean
128.4736525749834,15.447570213871533,67.07097414463475,33.11786863544741,86.21869631635637,7.775495470473848,97.02488274749328,mungbean
113.41613546957544,16.54942632951047,64.37851960635531,35.46163275625932,76.18544513038506,7.270355478817,102.4003954389891,mungbean
118.11242518294773,15.041958365744485,68.67967763734441,31.293897038560374,86.4948960775902,6.73288612810774,94.02406806044961,mungbean
33.17619408842782,147.38436480856373,50.55886450592687,23.539756108315164,61.27084403728411,6.681436861068879,305.4130478676395,blackgram
38.50740255878685,149.41834695355152,50.21894320440124,21.03732072854988,67.39968093472888,6.99204175882097,278.47486393608483,blackgram
42.34160472391312,132.79337994578438,54.369366544188594,24.48364344888951,61.25512854894251,7.367635536294362,272.3119108516093,blackgram
41.55445230146344,142.69644589370353,51.01712168053083,25.38719703832005,66.32261734477039,7.031757826043163,297.66560311019515,blackgram
38.174389090686624,139.9141642944312,47.92768672646782,24.64090493602463,65.75100775781911,6.811751105405829,275.4705615993899,blackgram
37.46903493276806,140.8406525641004,48.63979388027565,25.14008880441522,70.03368850182636,7.304924573523718,255.25705671841388,blackgram
39.006418814586425,143.39843667837593,49.97174649973338,26.130500636650176,66.55463674604738,7.333701824870314,278.1899430717569,blackgram
37.53042428082806,132.91777603296262,51.04372162471929,25.272597629238835,65.80353416039938,7.0250150289088795,283.7705727706095,blackgram
39.626680612208546,121.85903441378463,48.517204615285934,23.333879387352802,63.41033873603397,7.037032402689415,278.33544762558364,blackgram
36.70559531969756,140.4792509824096,51.71452750536221,22.097448261365304,64.2553757877166,6.673011212138347,311.59600296836595,blackgram
37.67890911523589,131.86064465599142,51.12863684974758,24.220043088329916,63.985855193683406,7.820696829195845,286.6001336243532,blackgram
40.679295210046725,144.1857757504233,47.90477194479873,26.998100103325637,66.86427533305319,7.5680184427266,268.1544937359268,blackgram
40.64093641405714,138.41573007580178,49.24215899325871,27.87192450804408,66.40065753419701,7.055113662946455,286.0922976716356,blackgram
40.858795890174974,144.22635531012824,52.6567887396937,26.307410751295645,69.88123110536489,6.628497491430452,274.5877827429373,blackgram
36.56545244280102,135.87076046037322,55.28681197880935,25.479703395628942,60.20083450838186,7.032549946515227,300.26444862086424,blackgram
37.51442888878737,134.30467535694044,51.81523458515366,21.843749000022466,67.22708003592359,7.305430649366113,292.46850696199994,blackgram
36.476056770075566,128.870239071246,49.06673057458461,24.888562539724468,64.49722553017916,7.213410829800984,313.20110090882014,blackgram
41.78013279792709,129.26669143595618,48.89391530412211,27.041558285295945,63.006447013099866,7.7500992077334105,309.92821911619893,blackgram
37.489226966399706,132.90591932505578,51.139400249638,23.25110601457554,60.4626945999509,6.9864659311186035,297.2851042195852,blackgram
37.70856621565767,133.4172669715363,49.46802871551218,22.514795461028342,69.93977663378445,6.153759034542253,271.74595050209865,blackgram
40.04606677314337,123.78745890466811,52.73100266170634,26.360611111590263,60.9173088159357,7.248028735918615,264.00709375537787,blackgram
39.925296820113516,135.8000328042526,51.54279127924709,26.527198880986745,66.03801818489758,7.7357621643523675,293.57118220413133,blackgram
35.96156167256359,137.1989326221056,52.37767780867877,22.395190919217704,69.35669897063272,7.187488904099063,289.06009130201704,blackgram
36.665301522356785,135.6697307976884,51.79915861966617,24.039941705609788,64.53415694106728,6.2489631052927885,305.9041369311039,blackgram
36.15938138069935,117.41385634335356,47.955116464511924,23.292027197589096,66.31488628846596,6.766048959398143,287.62880170062755,blackgram
36.517360348677585,152.9429875093496,52.545086968175575,27.39255326035654,60.31481413435462,7.442508433523964,266.5910463280839,blackgram
40.08692485986007,140.55766261190368,46.01665172172931,22.84618995284974,59.7256701087258,6.512102289453583,270.38141062931044,blackgram
36.50994060980523,123.35445176978293,51.17140995400771,25.31508920131684,59.146741956858236,6.917313922163203,282.8702274806702,blackgram
38.196418455242906,129.36426952161057,53.33771677607004,25.75486116157427,66.81520716006837,7.066031447273237,316.3720959726324,blackgram
42.77219540843043,131.7686089472644,50.495163634647064,26.25423347515397,61.116120887132126,7.325767724279347,283.4617516368748,blackgram
37.0941630439991,133.13673660947586,46.06474641245951,23.708021908563854,56.50803911822846,8.132374166629303,308.1778380204668,blackgram
41.577069519451804,137.44447379271358,53.89796147547125,26.372999373451023,68.09161527270537,7.547381078210119,267.16150139101313,blackgram
39.71448308211207,130.6546489750914,47.24596182917853,22.82307513271497,65.8192094747931,7.604210223283029,259.4019175753443,blackgram
42.76749693030108,146.85946603345673,49.679313749564784,23.81686212849751,63.88388619805433,7.572586199399193,276.05962362047734,blackgram
36.140479420023816,137.72956816061225,44.535334992587806,24.700964720189493,68.61736870624041,7.2817149863972315,295.73962146102093,blackgram
39.850885709855085,140.82434463463758,51.27013383822956,23.27260884485664,63.285990107140414,7.118568261237407,303.8304227945819,blackgram
42.47830743157758,138.33072740106348,48.53025347088731,23.41874079356619,63.427783885072195,7.7457914953882705,288.1641232942076,blackgram
38.57369930781734,128.73245895251023,53.51666933782669,24.9161979988971,63.95403885026546,7.194366330921807,311.0789957756448,blackgram
38.32977201376489,148.59463117158435,54.61422016983368,24.56789183198082,67.55148383947564,7.096896403837267,268.4525897217772,blackgram
38.08008660823719,127.58108358132277,52.385499366972645,24.512620729221442,66.33504149861557,7.504645371382059,229.60635156453137,blackgram
39.42553059191116,120.34009908285442,51.33396146204282,23.201691245241285,64.55068886280914,7.735776592931457,253.54673977439668,blackgram
39.14492045902224,134.29074909098645,45.05540062073097,25.443160103913755,64.28119894819453,6.931748881414289,270.25934928098695,blackgram
46.162158937648414,131.73707076093038,45.335638883185005,23.12306178587677,62.73839670214046,6.98509117863677,281.1567066798197,blackgram
36.2709586534222,139.3097105495695,49.35051496753279,22.49144901663441,61.010315059232596,6.98497563977119,296.87706376406436,blackgram
39.82731912870084,132.18922243068462,50.885878400089425,24.807131440638457,71.99647128598843,6.885037019959006,290.40986395876104,blackgram
40.38891179068882,127.21015855896687,51.40285509569055,24.73113655627944,62.34122386492382,7.393490380721491,299.92576578684304,blackgram
41.32672829134482,133.37280758111837,51.404851126117535,27.945177106352233,59.90161189978485,7.2451795805438435,297.57793186145693,blackgram
39.0507904892892,140.23608357684847,51.352421035314784,25.598445457792945,69.0860263903816,7.0550130055390525,285.8408922804728,blackgram
38.57395472933609,131.6580608616392,50.765939044564384,22.82807126156118,67.01510916773397,7.880348247399354,311.3840105509659,blackgram
41.664890918215164,127.12053555564219,55.46042649993454,23.4397121696711,63.94525650318024,7.942004603464812,264.324806031451,blackgram
40.65580229157904,137.20267773542253,50.36199710721212,23.203672508867776,65.77568447061141,6.951030821213773,300.2098976179425,blackgram
41.54515126899856,123.75941301215566,49.284987587479414,24.022104984010074,59.601108963607686,6.670417022287338,283.99614153438426,blackgram
38.219057751370826,121.55303858566361,49.18477214596331,25.25348780157561,59.50666353225873,6.75377265926049,309.40366857865826,blackgram
41.760939270431045,121.80251663645267,46.70595563604112,25.045335751071782,59.563435758466035,7.041552797745656,274.8441609131711,blackgram
40.00294580409478,114.45420470922576,44.10916562363445,22.68913985372007,68.05186571763473,7.083789239103266,253.53959547138984,blackgram
39.84697619171,140.65469839549255,50.076041661345506,24.00524637774847,65.83393241872272,7.668858925416988,285.07696002201084,blackgram
39.94011057885852,134.53520165523062,49.6630630011409,23.14505949086461,65.13598702703779,7.021213520182151,278.3637112874033,blackgram
40.861115368400526,138.87627986438167,53.47922031828041,22.175626561156278,66.29867372136229,6.896944508211102,268.7938267995575,blackgram
36.72338503061928,144.7325508961854,53.350422818044834,23.43752380179758,59.7709968893378,7.1558876098020665,274.70367775602017,blackgram
42.555911104112454,123.09579131731374,45.24558216240386,24.1151566210985,64.19080917976277,7.206890589278605,295.2634446422204,blackgram
43.516747817316904,132.15419872150935,49.16573120190091,21.905851077004385,65.08634165865087,7.516109687737965,278.0789248095151,blackgram
41.443733265180846,135.17086037363734,55.44542993680737,24.98050457279903,60.080502532805426,6.87680168794547,256.49685928810163,blackgram
34.668501973115625,137.08646737073838,53.4776929475479,27.362685590415744,63.937118707394205,7.048385024283993,263.6955081808836,blackgram
40.994859475222135,138.07624244065698,49.01093153636104,25.502746212157604,66.31009538729819,6.347788518090219,295.0815942780095,blackgram
39.018254062778716,131.75643524949814,49.553905063137314,27.060183510472303,70.06135365954859,7.933326393192953,263.0238079892422,blackgram
37.182367154519554,142.25603507473232,47.14053099777559,23.432670190319808,57.2049513896263,7.944973701300404,300.5053180247811,blackgram
39.76691782154112,136.700363135307,49.55374919180606,23.906313887178158,66.51923800061843,6.844644820711489,303.29708401876354,blackgram
37.55835663539021,127.85431970941754,54.784162520729566,24.27940780984709,66.2851776879181,6.971989440441206,244.354907698011,blackgram
39.97286671776839,124.02351977261867,54.12612430801583,22.21211558114866,56.97166388150555,7.281974642955458,289.70139635319555,blackgram
38.94993050890443,125.10107099494014,53.535433177742995,22.338679304112283,62.362547706539544,6.811890890932535,276.09178416412925,blackgram
40.68245803048348,129.79245400154505,52.546948005954334,25.510997793925586,57.56374267825551,6.649534632916882,275.9955691067863,blackgram
37.327206072883556,137.41641412277662,44.93511742226268,25.54985747995863,67.01532156049439,7.077822811028718,259.0509516644883,blackgram
38.71515568076564,130.57437096747586,52.55380669828182,24.365456558697243,66.95240372834927,6.964102421359875,306.94496459885363,blackgram
33.35023272005108,126.69915994943702,52.32256794148574,22.27074994102646,66.98205869022188,6.628025022034688,284.0729001419367,blackgram
36.57800607025708,131.3538529842431,51.35833540357071,24.337075710346884,62.68179271138726,8.07368405859493,282.6366579455815,blackgram
36.44981513428983,142.43507753293486,53.328459318774705,26.288015071121578,71.02858274257122,6.747022452855539,300.4516989404184,blackgram
41.3484896048987,134.92859652310713,51.57344994410629,20.07851389028297,61.94036727580319,7.917033547934443,252.20693887321923,blackgram
37.45823959145069,137.25664427162468,52.581020110182465,26.888462620622043,57.364428056931416,7.168344337993177,297.06432558518713,blackgram
35.6517251985699,134.60434148971504,56.57358890253516,26.425530356050505,66.22599318948346,6.0285573720983825,280.2841191548751,blackgram
39.59950935082688,132.4283780486394,50.62625172577643,29.021942305033676,63.32399833804566,6.734026401373741,286.6097364262519,blackgram
37.96915491173268,132.41806913521015,50.560200515235366,25.628400129310542,65.06363263730852,6.634578644512431,280.2439412404433,blackgram
39.80392083429853,131.1391578230959,54.329571642919134,25.632936262379,60.33604434009814,7.287189141708381,316.11741229260144,blackgram
42.325139465057354,134.47009527798784,53.563122268364,23.50076435835835,58.57587662060462,7.387800582210885,286.67194101778585,blackgram
39.89611577363034,134.72569424032943,51.81987887049164,23.73727167399121,65.9710383387273,7.5073890432980495,281.5032100506731,blackgram
40.5927435734131,120.58891340535713,48.42818461762883,26.61363192217167,70.93010582845984,7.257503440050303,280.7414112910857,blackgram
35.75780846700804,137.86899072589753,53.1996978153516,22.31355064970911,66.30066357493516,7.360493490048627,289.96571464726213,blackgram
36.08392475653013,139.31216190858112,46.2577675695653,26.67840860662262,64.6697979252256,6.6507911246098175,305.29359449782413,blackgram
41.38195392638925,129.66005428354637,57.54733457278627,23.015432476073183,65.35582273616815,7.657263147924528,244.0062661140871,blackgram
41.027718663840815,134.40171905554254,50.77793437364553,22.9085744939253,65.42550707895239,6.673900265660852,266.0782247917639,blackgram
37.662485401381865,124.98973875512127,55.62193256038696,22.538481697750484,61.24439305987728,7.014278228127757,282.5537552992583,blackgram
40.54208762276313,141.550251503141,49.902229076112796,23.926590861709496,64.28431468877776,7.5026496715109054,294.3152939481654,blackgram
37.50311877671558,118.2552947167346,57.36115585693598,25.889073888143344,65.16297121139974,7.296047352028888,273.6524463613916,blackgram
36.37760209227053,132.2340402757347,50.14738893383834,23.57220140444152,58.540950539914306,7.015902986033363,292.2656725837658,blackgram
37.55298147352972,135.10352661915562,44.51101453222038,24.185882311581338,63.68006693822967,6.624005448406909,253.17832026751682,blackgram
39.65850676401527,128.37107551616893,52.31510516220794,23.87350092676448,66.5481869591626,7.004654281364627,256.9566586490032,blackgram
38.501403631719874,132.26817112698583,52.83049818318696,23.828854565561397,62.636563891752104,7.518885279911203,302.26172887235623,blackgram
40.46571884037105,143.32711718833733,52.21093591671103,25.622981843566034,67.52985673243283,7.323210506131059,283.5599203931104,blackgram
39.03229371671721,154.3942251108615,50.86752339806526,24.14299869766137,62.7474568238766,7.135692727285755,286.6324724485594,blackgram
36.07555572758062,118.89188044318814,51.72619154003241,22.1309497239128,65.14528120757775,7.210323585718881,302.0345349144641,blackgram
42.58060629498513,137.9021507930393,49.13653092882586,22.764674319182863,61.1019955832261,7.167147877997855,247.41848126626365,blackgram
82.32610083486044,73.27778877982041,49.216924403627004,34.613728275109665,51.94869920376138,5.061265970600893,219.592315546261,lentil
87.88817052463628,76.23736376513558,45.32233382610062,32.30657215334515,53.9657871739799,5.382982260092187,204.39418027614795,lentil
94.62725663142393,72.6443264566809,44.009058528133245,35.23803021529493,49.59841037676417,5.39910732335326,194.12427654429058,lentil
83.89120369668572,69.8002629843351,43.69447720391383,34.309682565421916,54.44530359052797,4.83285941440787,203.78595536943277,lentil
79.90115472040613,68.17373609241376,43.66225717547681,29.645213914266574,45.166911356249514,5.427726284471966,203.1691443883012,lentil
91.49898268412718,69.23050176371811,50.85329804230125,33.94758305905028,48.203493500404605,5.919607235300005,209.67939872647798,lentil
90.07752923747044,77.94340492192897,45.45562583368007,35.602001825918386,51.54905707854088,5.0461661303898255,214.00979890259273,lentil
93.01493057907224,68.33290397640407,42.970951700639446,36.24414426592996,49.70633195730844,5.393001693306242,210.1673925306337,lentil
92.83733525838909,66.07563368201212,46.7545603537453,36.20924415981063,53.47614848141199,5.8997344631582465,206.64564690943735,lentil
96.42316955483203,79.67435075183998,44.24679132372051,37.85052232582619,56.123536806489064,5.630707938029014,224.54757095675149,lentil
96.83721558175112,68.89454417929184,48.10547751358324,34.95054862143465,52.09401288395945,5.427907224283557,218.7224553009117,lentil
95.18126440095202,69.70151214179512,46.344960095436925,35.77915221422639,48.61989613334998,5.237889828728373,197.577784261946,lentil
88.77082199565396,74.26042052591232,47.782207662489014,38.17136425529801,54.47667394856011,5.707827313863127,216.09670150434567,lentil
99.5089946187944,71.09411384056249,46.90639700245896,34.941986528479234,50.43840502870828,5.231215449092563,196.09484054263433,lentil
90.64660580327427,67.34929046588175,46.44195543627967,34.23421546914049,51.15628146143116,5.487308580720265,211.02151932660888,lentil
88.85693529912412,72.27437175581998,40.68624415209913,29.713525708474,44.91445415516881,5.873922785364323,180.06522012740976,lentil
94.73811714867543,79.18520702740837,43.79545542786106,37.63132159282453,56.46705411835445,5.683062563405022,231.01374605339936,lentil
95.5702359242232,69.5589082659206,46.448417684415524,33.37278208716805,46.86822116288924,4.967458232327799,230.32837297245254,lentil
89.16431229258087,72.65818778968405,43.25721231373404,34.57782404352123,50.130443200858785,5.248576711452237,187.64413152587588,lentil
84.37491934407761,69.53918413894894,45.85466406271127,38.57523108060489,54.08465296098489,5.97069999204869,208.28486920891123,lentil
91.72804912508485,67.02232093815789,45.0813096507708,29.90200127419463,49.96825766777212,5.90895220992679,206.43270626668405,lentil
98.46693463959583,71.1533425479141,41.366417863867035,33.33495998008378,49.68534145414322,5.7737704452095135,226.45307605049317,lentil
88.15499319168929,71.2678998468463,44.700207528157605,33.608955568087275,47.11025784242658,5.415688755799313,206.91178952585994,lentil
94.39613559824957,67.58123727908537,44.79271914202014,30.753076521511588,53.697585018541226,5.057411480081897,199.2160487291423,lentil
89.79404329128411,70.31091095561835,42.24534513816636,30.701126060061437,56.20441024051017,5.469750174362479,205.7983897824428,lentil
103.89189892096039,72.42789500667718,46.605771125037684,34.38400936499341,54.54625054409142,5.549778488331077,206.41355830220047,lentil
90.88779885913306,74.09487302640353,48.26143224940088,30.072573017261654,50.535909386511705,5.253465071638045,198.97012738485304,lentil
81.38306367672986,76.07055695659278,42.8351841386065,33.87911862422576,49.395333077956025,4.8496491829156,197.20746970562988,lentil
82.12728894529619,68.76723092297736,44.2691749143423,34.33719601522646,51.10186498841671,5.344231133967878,228.56365580534276,lentil
94.71716186458029,67.55064383244067,43.467513360174394,32.99516608808139,50.39287650385957,5.194011587417656,192.24915771041074,lentil
101.42712049296784,73.07520926708273,44.2112752448523,33.82887822286863,50.27332649765418,5.838244264631051,208.43702692428684,lentil
98.52254060621495,59.277199280771754,46.005536869300926,36.52807812736937,56.956565927241044,5.398649329733395,181.81449499514304,lentil
95.57572640139651,70.27578217781046,40.285283682634685,33.0787405174313,54.161244234850756,5.777252748865004,211.41147085077,lentil
86.53182589052678,83.87971337675374,41.970204116928684,34.19408105985074,46.53742839793879,5.814928907122823,208.08636683708082,lentil
97.24393790076515,73.2965450970785,44.95049668348485,34.71658847374816,45.19094249908839,5.7113067017783745,213.78217034663956,lentil
90.17628341043267,72.85660409452001,45.949935614103985,37.59145436744232,52.2740382965957,5.404945067525111,196.54966115630165,lentil
84.04732283848965,70.31907792880956,45.3396342960175,33.84832979777191,51.194758769319705,5.632554115431413,208.03970631328113,lentil
93.89356627967783,75.79636993081158,45.65675987104107,34.30837443450813,52.40379073200238,4.835222262253203,217.98295445869442,lentil
85.25705051007763,76.59408259927923,45.193807394764036,36.655378012431605,51.08558931014334,5.088804824166569,215.8360083705469,lentil
93.41746347776996,73.46926554931333,45.38473458478848,36.44068365571242,53.47931615667944,5.468535016505398,184.02221231057123,lentil
90.17600273457947,73.42324062628782,50.021638017151254,35.1768528124725,50.711657768288546,5.780906417531686,201.5153242898014,lentil
92.26667553314765,73.65653585148337,41.129808662391,36.359061947524566,52.29597643639951,5.304293689496956,189.02545344375534,lentil
93.60994654055666,79.0867984691336,43.44789892967425,32.208788508205124,52.28238779959126,4.880700120941494,175.9486566242801,lentil
89.97842289946918,69.97048003374047,44.435599723063135,33.26101002633371,52.01892745085232,5.325012854492978,195.64820542311182,lentil
89.91309277600759,75.74388394696334,47.77737427375736,36.25736153883779,53.1353626527347,4.332498379953756,190.77329263723144,lentil
90.71091364641384,73.89138691856029,40.82038056982309,37.325305304312856,51.93813405174023,5.196667799907739,204.92945968108438,lentil
90.54170302481539,69.68255993607411,46.56105812205314,33.46918119734175,46.710479108548576,5.192518030316719,201.56739796338425,lentil
86.49386482418436,78.50754791387658,42.2537060127058,38.01939241019218,53.748354956742894,5.09412046490622,204.556988756082,lentil
99.00596698774459,72.17767872334517,41.97915149438927,34.639411577614894,57.096431787303175,4.9178099163239,209.7356644182102,lentil
92.53999283217027,72.50814260212783,44.156167640398714,33.75795350155412,54.20044936326782,5.592108234305671,190.93800619735325,lentil
101.11706036653327,67.37272746307708,47.007213291043826,34.798100304901766,54.69820791845847,5.515236376215892,215.88265935279526,lentil
92.37914002972136,77.28979127161786,46.15327120318174,38.84452460035802,48.9272557665983,5.786330156590628,208.72871943144335,lentil
93.49966176137335,70.57986275091083,46.43584173885362,31.396960852761516,46.87998161644462,5.631221595314532,184.2440093579275,lentil
100.4753575980235,71.86098045488325,45.905980245685576,34.58606974658051,52.34107705915343,5.311952991300141,198.67111484288668,lentil
91.84452341112912,77.64459394002094,48.297317400580816,37.054029379142754,52.177035343906454,5.337656238137056,182.7620019715156,lentil
96.10047981495853,76.73755907912647,44.147972517332335,36.095350348779114,54.99615718131654,5.433068085424576,215.9730873201146,lentil
94.25061321997755,65.49994500947881,43.96193360677057,33.59318449675883,52.681085329080005,5.124142974742568,197.83094741756477,lentil
87.23224654570366,72.90440328459394,45.42801629774307,36.441657251643434,53.498112243689484,5.455903198684554,206.08462947728373,lentil
93.15432905921334,73.56540363496904,49.41929310093495,29.324048725245007,50.53208586614086,5.503785996969567,216.86955456733205,lentil
86.50497640798837,74.58825716824362,47.569419830350476,33.52171056163459,45.24620044281692,5.286786542545573,188.59107601636507,lentil
96.15242380482266,69.36130559987643,50.05164434649041,34.72886705503845,48.61171041464261,5.240082905342289,189.90957717178196,lentil
94.7075542343776,79.58278088400085,44.6584442020725,36.3400648516387,48.19398195893239,5.502314852915666,231.11591238979477,lentil
84.78447896890249,78.45289733487887,48.41187663386379,30.571117857126136,46.693180999225675,5.087902042055298,214.9145464699745,lentil
90.18281704228745,72.34327203984446,47.151439998248286,34.67969390594004,51.75536896128604,5.299078886430721,216.79400984665565,lentil
88.25039542451964,80.38165052577698,44.32488187255999,32.794802827936564,53.036515663304236,5.547979648057285,179.11439033718693,lentil
93.76748905037383,67.1745771093699,42.99366605513287,36.05106583706598,48.429762818535764,5.516600940646162,198.51454521465377,lentil
103.21948357444515,72.63825319079757,42.0540593350877,32.15595483808327,48.28948171570978,5.442115586761104,203.04710355314631,lentil
97.87356505347633,73.77171175216934,45.56664483507277,35.08654487735473,50.645724233607474,5.494182446667084,212.54367510744416,lentil
96.82766830049613,70.64925200623965,40.43417566345779,32.752059180261185,51.89144761142205,4.595918839216344,197.23587149090574,lentil
94.96409621009404,70.55425790357235,42.18146973971651,38.01516069630555,55.24614337581868,5.314573499842655,219.01716500562713,lentil
99.64233475461683,68.07096947560466,52.43654209119846,32.47459552244478,50.21083151191964,5.0434481166946945,203.87331160084017,lentil
85.17868030713257,72.95652252206618,48.110124002259255,34.833883958250546,50.196561427733194,5.894588251842138,192.01409444623334,lentil
97.77997170781347,71.65476583351351,45.75978528593123,34.452760836119545,51.383209687374595,5.3775928440327085,193.36018721866228,lentil
89.26626786309583,74.88363496559434,44.87433476132793,31.987815502099178,48.828658461766516,5.169799858315731,202.12433503573558,lentil
93.36736612101816,73.33191673311245,43.38570215796985,34.40520541241401,46.78951104729595,4.46114188485698,202.06019312975894,lentil
83.2113490401234,68.7795541846718,41.87901693042641,35.64962659173783,47.25483474685079,5.478399445759062,196.7082862810988,lentil
85.4767029042653,66.00475584316439,46.36188930417403,35.13358115902627,53.279107019578326,5.977660698597637,205.83968073527697,lentil
93.82058738961977,72.30401165819616,45.37977780659077,33.604145294078236,48.16966809119421,6.027809757020273,179.86725214569867,lentil
93.6314811478796,74.74528907124501,45.48250314612946,32.333080070069535,50.292559999252724,5.233489717753472,189.33684943879035,lentil
91.9327218670366,71.0026248379408,43.56419996848974,35.6996959223508,47.622277082127226,5.521779452830625,194.8699371839495,lentil
94.50672201094318,73.05162243501682,45.687131671977916,32.267239418407634,48.47043868847646,5.101698570739871,204.31215979719573,lentil
96.23967400207492,77.42935324084135,43.67103368749616,34.44487365763009,45.89117779956352,4.661680095523388,191.6565316440746,lentil
88.4147572060695,65.93840591826522,40.213234918053466,35.35553563284785,48.35691553308176,4.833275583801783,230.19218792735379,lentil
93.00657889025291,71.29416898266902,46.81932603905672,32.688462080547744,55.61286933231576,4.877042289066823,186.18764124408386,lentil
91.26414869577127,69.31954580131246,48.77541668901896,30.94631552203068,48.5394195783737,5.446848817639177,208.72761687304967,lentil
97.50825491730231,74.11521719183304,50.89374948706038,33.248482940524056,51.27690148707457,5.643763022661948,198.02659177858789,lentil
90.33710442359636,70.57610155673154,43.207665597651825,31.89435632294411,49.039449854492105,4.86825354817419,206.37319517792304,lentil
83.14863420405933,81.5506830911519,49.503825379038986,36.46222673518038,50.066970305686745,5.175933139244603,216.51845153509146,lentil
92.88987782230015,74.98329600096991,42.97624617510881,36.37329516699378,48.266337486351915,5.397778671554901,180.7521416973816,lentil
88.26406151130796,74.7127942641994,43.69235984047407,33.26580144154518,53.083128730481796,5.338849844481746,216.64242613941647,lentil
78.54812822815518,74.99208892433887,46.261766272940235,31.012360154541327,46.73478418367936,5.643862104708871,188.70912992631057,lentil
88.34030105806728,75.11372993080472,43.999101627538025,35.149460762444455,48.0374039920188,5.456623938311401,214.66888500471546,lentil
93.62754414456448,62.97069135816619,46.64234398607909,34.289639435752925,47.92013826937878,5.808529064856136,180.51327751056883,lentil
102.15063993101097,69.7556974683065,49.123186877861045,34.078117884488194,46.62907838325829,5.391241600851207,205.58247759138436,lentil
94.81252609717326,77.11378790308521,42.472797624766486,35.176418231524934,52.905560542477865,5.273238089714732,190.2549642203294,lentil
86.56488495121806,75.75821313261496,47.035083028878866,32.46920372015356,46.60043034106949,5.758400153661751,182.79410344537933,lentil
92.70187998207436,68.997757773385,40.16140576937104,34.41975171286609,50.08646652738231,5.8225109811901525,228.99276772512766,lentil
90.78568425802875,76.95042014111628,47.692445227754945,33.0933036298034,48.03136992526293,5.877263021905468,197.1372067154873,lentil
91.67781462231082,71.22982014422892,44.522973471033325,32.927717871483736,52.934595907592715,5.76327635868565,197.03968168519904,lentil
84.22570230117475,72.71351854651411,40.88114049133932,32.85491201697171,54.397337691623235,6.105294376303509,206.08628963555063,lentil
77.65607521500624,33.74612506710665,21.062934403161375,23.89485660845223,64.62446937010998,6.445409590884421,138.12162182441585,pomegranate
90.42846953259776,30.855258746591332,19.85380578595053,22.796652512944256,64.0108050844714,6.353177392290151,161.9286358568118,pomegranate
84.86953846582031,34.1797727824327,20.634331724960635,23.805654722296428,55.6263930046874,6.235761141741073,162.8274144906728,pomegranate
102.0374420360539,29.695042986982024,19.81060318603925,25.277841543417175,64.87103010750594,6.404485851769879,156.83232039514706,pomegranate
77.94798916338024,31.52992541002177,22.26369926105106,27.202201039294895,62.43647541652256,6.571713337467302,160.33099210839853,pomegranate
91.97517300118862,33.04038574377976,20.17473405836831,25.30687118144153,66.72727316996303,6.390593190232454,143.61484620388953,pomegranate
88.88960471256546,32.80889559425079,22.348373852437827,24.91050163266836,60.640701105253214,6.5012519391160755,146.4980945509682,pomegranate
81.3746659614922,31.028311056304748,20.515726157470837,26.43440981704262,58.447382997248006,6.657521861329889,150.6251730251352,pomegranate
93.96057243537746,32.61500043473278,20.657571956599536,25.99291703000077,63.34065925902711,6.487257730194576,170.49937862807616,pomegranate
89.95679307522536,35.4392698593919,22.59572281515756,25.937380268199494,63.59615868236954,6.244979446886056,162.80240761772805,pomegranate
86.67245916473168,33.417944919899846,21.12534939570292,23.768127412240123,59.30818009776386,6.958790233107142,168.26582488146812,pomegranate
84.82357635709974,32.996949674519655,22.88723144660038,23.556597501942566,61.829059933028624,6.232983174093853,167.22311292041357,pomegranate
87.67214470994129,31.240521129788412,19.048112775666667,24.530010263696767,66.88385969446026,6.562758835529296,152.26790662272666,pomegranate
89.6342359190373,29.763814031234254,21.20874302598858,25.685539206161234,60.18735663018105,6.350516245489097,158.55832131789023,pomegranate
85.82396183904036,31.681115919907917,21.40642036476203,25.1309740689283,59.64270469749695,6.416084907081014,160.44668212771361,pomegranate
92.12578896108049,34.734852626474286,20.077762385109462,26.42408088344492,65.99751168800303,6.670785919087407,160.8307482743421,pomegranate
90.63035760762105,35.56899778212236,19.81832182648701,25.696766891274482,62.621667398915605,6.601253445466973,166.98845856380967,pomegranate
90.58027769708951,30.199366325950884,20.79480154175053,25.14646568980158,57.836283381333374,7.028475164890955,155.6145745506604,pomegranate
87.2098878016314,32.79024746022061,23.43057284444825,24.86593530086926,61.81526083417015,7.377172125070089,151.65511663639194,pomegranate
83.68050723226526,29.49510126556384,22.516255338330694,25.215367238367563,64.93445185652091,6.751369095463226,155.07612629069993,pomegranate
82.3500016105874,30.65868129373606,21.70025494284579,24.99809612572326,69.29776154588966,6.383569468366749,151.81561688875803,pomegranate
81.14799905122162,34.78973856267739,19.606942915598843,25.955626392105138,68.57353912981633,6.630466402806472,163.0931015234934,pomegranate
75.47037444414354,31.417167804857407,19.0734428683317,25.07200913760104,63.20913328039294,6.380987850820069,165.14224332419997,pomegranate
88.22710484598133,31.15797721478417,20.515792333011273,22.65172859211132,62.48222258377614,7.528921146288823,149.76890789391962,pomegranate
88.566279837949,31.111556732039674,22.17178320564215,25.469732926617453,62.30649177989939,5.978919826453502,151.6053645238507,pomegranate
92.5692940122239,31.694828638884093,21.95298678969923,24.113598995382144,56.180008862488656,6.856833653450453,159.35664442408552,pomegranate
83.44374509785496,31.454039606592385,21.527389474047126,23.949146349282742,64.48456875099426,6.606887005148642,134.49368732970945,pomegranate
85.6763482064869,31.022948351833964,20.112042890041305,25.41725152287711,61.3559843754685,6.9024444345564415,166.55354347400018,pomegranate
87.1554953658168,29.208008079930664,20.24572970422757,26.171256998503953,62.22268000768323,6.367992308663604,155.57114612767955,pomegranate
89.00978224374623,32.66224119335537,21.978372005816833,23.611207783957852,62.166946626038644,6.588876709926511,156.2165840778055,pomegranate
75.67686841168847,31.717911970289464,19.481813923843056,26.87818242950732,69.04181106465451,7.357063237369044,163.95223513544104,pomegranate
83.94613878517113,34.00465860884431,20.917455221657445,25.732317544141623,59.81991565062042,6.456628532785838,160.7614008023455,pomegranate
95.54319395915535,32.126613445927084,24.004446912493904,28.895942549918434,58.3996510227617,6.679583404720762,147.6102070098744,pomegranate
85.73766692473914,31.155985700904207,21.088507569968463,26.256553904329607,66.74037512716451,6.794145118840074,156.4903924759506,pomegranate
87.06606374279369,32.421367076737575,21.895557502832272,24.843711810370827,65.10725862121471,6.171095906749304,163.8418129812344,pomegranate
95.433018696015,32.53123785125018,19.398138518407283,26.829674521756527,61.9872633102241,5.504000743731805,154.4547680239583,pomegranate
89.57755766905036,32.916463831548334,22.736919039948948,25.75473502544487,63.69513068885152,5.9067627413375385,146.1369308305419,pomegranate
87.39360170173107,33.478663274814714,19.885502936748146,23.93694134904068,64.99471996577039,5.9330888886195785,138.40030180216846,pomegranate
85.29295248007989,32.667043532123365,20.57544478826581,21.455123281110833,63.31787332246312,6.164201501435,162.57974434721152,pomegranate
85.95753290510687,32.69115272056509,21.985647609321433,24.06368831401627,66.34044593892267,7.187060400102245,160.19169230146338,pomegranate
93.3119496566228,30.987569170502933,22.331908723662497,25.23877688964874,59.525582398113755,6.661551939962239,151.57614286053405,pomegranate
83.6412993905796,32.352950078808924,22.51619135748777,24.373213193189354,63.704024118588634,6.108886097274918,157.503286736505,pomegranate
92.41306944324032,33.737518925892815,21.77755849403762,24.06486851011805,59.57173433300602,6.655645926202411,144.06155226935084,pomegranate
80.13900884763747,33.99123378480391,20.024970069292795,27.49504027498328,57.8640832072399,6.864133786059175,145.60925061312722,pomegranate
87.38036189581102,30.19716654387138,21.231356287474654,24.611749100430686,61.53844915779048,6.896669035104762,170.5546858192311,pomegranate
83.44202287392245,33.88061998229313,21.286441969214057,24.797965281540122,71.48194158688939,5.828997056610166,150.17413635226382,pomegranate
77.17059926484845,31.587483502986338,20.891171345193655,30.47252603826803,64.53815154439927,7.407548740673414,168.59572535646632,pomegranate
84.21630613038221,33.10473474681839,23.282259874663175,25.098180489497302,64.02079271960993,6.893020363246672,142.50465250666792,pomegranate
82.30282268836464,32.83157262468545,21.866813616361046,23.48414643687328,62.01751496194817,6.643773354230609,155.09369875198345,pomegranate
90.04509944219625,32.38938451739232,21.387441537533412,22.74910984669566,59.26634593248083,6.820350335815256,141.64336673994268,pomegranate
87.85864204030723,30.916844469576056,20.15270698081571,25.795805268437476,60.67627241625354,6.349601216175009,150.18201117971665,pomegranate
86.75726569644185,37.44578320439192,18.500602970298623,24.805595264930307,62.304332124782796,7.070062155048084,152.99632953021285,pomegranate
73.71447145535424,34.71615127204157,19.793706048443692,24.741092939473653,58.04584410527994,6.252357515087227,151.78905091180175,pomegranate
90.85174541595329,33.7853373721154,20.41119194772129,25.569512185603102,61.78793638659128,6.732929625102646,157.8399180969703,pomegranate
89.61539221296222,30.981639124583634,20.996176948372586,25.144892459357393,63.52333895296439,6.3689521200663695,172.44824655896386,pomegranate
84.02719531627004,33.61263372589203,21.41788009282127,26.6292826327413,54.93724175737293,7.505354774950785,154.36772680296568,pomegranate
80.04304287357215,32.403342932249195,24.010403681962366,25.566534331977714,58.52498848546371,6.501149185567921,168.81470732971098,pomegranate
79.14762877242856,31.806970099574013,20.78501429626435,28.027020576590065,62.06546281962493,7.21007718940598,150.01123637464352,pomegranate
82.24088155273934,34.07996738437832,21.942771003381175,22.25329538224466,65.57738380631972,6.9419771512608754,150.6007346631227,pomegranate
87.51840984961682,32.66705509151358,20.54096629999614,23.946525220959764,60.629695935953755,6.576509673348824,143.9145314207603,pomegranate
86.15748901579528,29.278884177757035,21.248219410858418,24.68604088300768,59.25126178804565,7.024703504408625,174.3835801849706,pomegranate
93.20448035678602,29.524690365310033,22.76057389351553,25.134028582031764,62.95462221404126,6.4466063832716305,156.2418389580218,pomegranate
93.52675629529288,33.18935566225006,20.629060030732425,23.817522226143982,61.582826142139254,6.9179073802901225,173.70872974872182,pomegranate
80.91520030801999,32.140327422043626,20.665202359372586,23.69423736857912,64.6492038954684,6.903612766634749,143.08319653039047,pomegranate
81.02949601668432,34.43378938831188,21.55115104494496,25.580212169881563,61.26167384213989,6.532230770913752,160.5708940126875,pomegranate
83.80481754737987,30.01745249185525,21.151198304259772,26.146604284176693,59.27118382463262,7.104763678269816,162.83194875035252,pomegranate
81.92346404424009,32.15774565353916,21.098249243764208,25.74485730846941,65.65607273902178,6.16525372637626,143.7499455212028,pomegranate
91.65866366968072,32.36037430912959,21.676525857720115,25.301852715182196,68.90844933051696,6.203612330841437,166.43543492093067,pomegranate
82.15623195345705,33.53618368546091,22.839101462490692,22.76711578327228,64.66410495001813,6.573566124937248,153.59667620138853,pomegranate
86.58407948663321,30.132875380478374,19.938763461661487,25.77905636492111,66.32431976859746,6.458178365450057,142.77129282561262,pomegranate
98.25870695959388,34.24494652781757,21.603349281766654,23.289702459578017,60.96361107617579,6.780203320175824,147.3797045571978,pomegranate
94.58891474068946,32.40509124256517,21.64465342568857,23.29243691104687,59.74680630814778,6.370969257693916,158.86185129843605,pomegranate
85.00420347698336,31.592808381205558,21.54671623909515,25.140174786285503,68.70656650945642,6.605828776734272,146.9114494245732,pomegranate
86.30509251676051,34.93237118342401,20.45728578097786,24.88055686041772,61.812459022580775,6.844224886016723,158.67823611787347,pomegranate
82.2198249590529,31.710328598287983,22.330380517359835,26.417494905802908,66.60009454095908,7.025271010314231,153.2242497590915,pomegranate
84.50899182188967,33.91228993595201,19.68550732039695,24.724956833096826,56.21922070177489,6.534260837497185,149.781948913059,pomegranate
80.21739254730034,33.24678635657655,20.232929495717972,24.27159510613315,62.19245058549528,6.393529154759964,169.44406492389612,pomegranate
83.85062315875594,32.520321263136864,19.520665068559477,24.117089222956057,61.94835619025062,6.5632407169934694,150.917900416791,pomegranate
87.10386723772497,35.106152956720315,20.987550340155746,24.607197907348315,61.70076333415449,7.685558093002622,171.20581581750184,pomegranate
89.21527812572494,33.484595604007346,20.26703866925099,24.587957038416143,63.94311482375617,6.731899810586558,148.41911047898085,pomegranate
82.4030176403636,33.12665640804333,21.544306237093327,21.727450032525194,63.5038919079511,7.186296047857532,150.37494475363104,pomegranate
87.60341241192828,29.391571137984414,22.193600838646283,23.18197163888679,58.49976833523097,6.56015593345103,178.17471844958925,pomegranate
83.27032365352943,29.757601733210084,21.73117329544433,25.148899502619546,69.33652448187267,6.185320646469343,141.6416250308314,pomegranate
84.77737965541853,32.868251548725745,21.601089371740287,26.4006937678467,57.60226635725965,6.360249750322339,155.12026845243014,pomegranate
90.65914488092614,33.053226390203996,20.630340730190365,23.321305894528045,66.44981278833677,7.0595760382205786,181.3344661103626,pomegranate
85.48077122383027,35.22844305901766,19.64838906091533,24.020037329374425,60.64589157217982,6.502929733994319,148.26902906187672,pomegranate
83.6213564782611,32.049038800418785,20.59574253722748,25.78008244070319,62.855215537300076,6.685001614261118,169.91030876908283,pomegranate
87.99124779149847,32.445606393982445,21.132959534695143,24.906911786461357,65.30034291272864,6.36990876903928,166.8838232931149,pomegranate
94.38438652754625,34.3374275965409,20.544467843612487,22.488022315965285,61.54257488493695,6.746285539505038,163.96650966679059,pomegranate
85.46170215820948,31.578762362855656,23.052047064430656,23.837045762828573,67.13202145796474,7.0420901761384265,144.10144326945223,pomegranate
87.80604885596496,31.09852922534926,19.97578987550667,22.112329671085924,57.34071051898635,6.849011738396276,152.76937721909735,pomegranate
87.77976848601733,30.141144269047533,20.758030863795963,24.41914049723392,57.422700582262834,6.031404109392399,160.39803204986478,pomegranate
87.14040561910797,30.38719875892507,21.03112256006435,25.78415201127657,69.98001449717782,6.3363692544443735,162.0224220120212,pomegranate
97.16625911212564,32.278731532687,22.98541100511105,21.037123703510527,68.5584498044112,6.6817701586075415,139.065574146649,pomegranate
90.3571237130311,34.14091328036054,22.663413474958766,26.5692635319008,63.05746684280135,6.391216643189474,152.09793088727068,pomegranate
86.2133309013177,32.922410645018424,20.557447844543955,24.88704318395665,66.43224031921382,6.813962368511539,177.48033154276624,pomegranate
97.37469748031997,29.97780843182371,20.449393410442777,22.900734868507808,58.831537358933424,6.90104690791388,147.19541623673473,pomegranate
81.05578505708112,31.641479017665606,22.156445224729158,24.295900885616756,61.83710506750499,7.048064079130979,160.69665127623713,pomegranate
88.71545846407109,33.95206928647937,19.8935359254167,25.131394633458488,60.80490020585431,7.090973977503067,163.8732322739364,pomegranate
81.06354793272229,34.69312132483516,19.697574319126296,26.53050344828035,63.93326947388633,6.341587428955316,146.0133382652421,pomegranate
31.666981150055,34.860320765797844,45.575501940279004,27.372952692255687,78.16753326877821,7.088966172988978,105.03446525794884,banana
32.53469055147538,38.06850115731542,48.657082482125915,32.09991142620096,97.64166856636648,7.931997867364916,108.68125534351695,banana
29.86437918120165,40.699603771691095,47.31970902605378,29.99999301531591,90.3789314409037,6.672779838342645,110.73511949035172,banana
31.525561691019462,36.17307481326425,45.01889918384268,30.84766063637789,91.11567070462375,7.69729982214285,111.23171664233227,banana
28.179328489337458,38.495179387919066,46.04035484173775,31.188540632918993,99.37506776651436,6.519224016186191,106.05266154844507,banana
32.192506471607956,42.04028165949342,49.23379621647309,27.940983981379787,89.68069325314441,6.895827130362671,111.63820240482472,banana
28.455819733901357,41.94790953637537,47.241481138263445,30.436546879239415,79.89001830947623,7.0598651201936,111.20354719122764,banana
28.2839463363201,38.63648236369541,44.47668427818758,31.14350856952737,93.24521784924953,7.475428946377845,103.68534367006758,banana
30.890836535381112,38.88118914834122,46.688000706329206,29.265076406450238,97.33289692818745,6.613723578159799,114.05545231216527,banana
30.568199564589154,41.81862879050356,44.97425059873055,31.080680158467676,99.83851028173444,7.113130455644278,106.96878433256315,banana
30.567605336282067,39.67636616520061,40.446338604030764,29.2776748351628,90.34208255386255,7.011500197839849,105.22944725479255,banana
28.049373758718794,42.44490424901759,45.93754148843166,32.88744676337658,86.93656086046977,6.844925165815209,108.24037093501146,banana
27.81802829887334,39.714712054933955,42.87862226738928,28.98850793997122,93.0745462052293,7.374269542482586,118.22212477298544,banana
32.03424243319958,36.1790734351053,47.34934360833816,27.22125658071607,92.15621980908867,6.808939038289012,101.20669132460011,banana
33.28292972525273,37.88670680868066,43.028818731233194,28.584242930789916,89.97604127123537,7.9829025574752155,98.97699773892516,banana
28.602243751338584,40.5283112528329,40.49650919859804,28.92567201814574,97.82915903108797,7.352753102443397,103.38375424029468,banana
29.56332398529153,37.03971635293,43.15840739728257,29.802357232365335,98.42312500260357,7.772736179449854,102.8203768454921,banana
29.517615125651194,40.78280130065074,39.89348907041698,28.785107317858753,89.85747234977097,6.863733453840296,100.07618215080312,banana
31.48817082594502,35.30312900547955,42.27472752956232,28.407780056729393,92.0389529520705,6.747395344129626,113.1944608389978,banana
30.27370861532986,38.53258381358458,43.72452036996245,28.35296563359179,86.22335197501523,7.8445320377141385,107.57196237381298,banana
30.626183160663157,41.43812264076084,42.78281259710854,30.629468506814042,91.65014369213169,6.952971339165279,111.04982087487967,banana
28.0802708432711,40.62400085023011,42.31088205081251,30.232424947386864,99.00493700102734,7.586237187082579,102.42140981584232,banana
30.755103548496567,38.245337623859875,41.53394471476858,27.56706296497056,91.70728843904993,7.570283436400934,95.06243015455267,banana
30.665046549864535,40.26051799958045,44.91711450235315,27.73987603743711,97.05399697928182,6.804417139271911,110.22709232505497,banana
33.7107114819575,34.3410599978771,45.29307605320008,30.03404035054747,92.6351401632434,6.997609812771404,104.15156319786892,banana
28.227449456826182,39.366734305469826,46.02048656905462,28.314986833146634,86.37060869608301,7.12409569541314,106.03599789338826,banana
30.88089465808509,38.811106837486925,44.771230801542735,27.182813772402856,76.58888514810587,7.595921088924412,115.00325192474226,banana
28.182555159089127,37.505231789747555,45.37532049962523,31.130737229055384,94.86030409061466,7.881559707920018,105.71527209203019,banana
31.514695566924992,39.99148189200968,43.43807632175201,31.560043809794518,94.71419332794636,7.75062909215396,103.59804269467251,banana
32.63353167738124,36.603458631183685,45.61208461971442,24.906775585572696,85.88324800787548,7.64490591970869,103.21092748059874,banana
31.070876994549128,35.29065447273962,48.64845276817668,30.497259736785825,91.18901887968667,7.505238076231587,108.08427860174119,banana
33.325935028338584,39.52634046896449,40.69286398521163,29.012998764745742,98.25197976325096,7.571417129535951,103.39199036786262,banana
31.861292692244763,39.29978842867211,46.172179529205486,26.697606132147953,86.48324406553226,7.6131919510575665,104.63153302604542,banana
31.391409404048346,43.54504885187624,43.74776661823186,29.87774874828565,88.32198365983933,7.054802848858504,105.5587694005496,banana
28.11608834253682,34.183910351859296,48.158652804433125,29.27773842425602,97.38111127841444,7.377864229904645,106.95915333624407,banana
31.969725617818256,40.68522146772435,41.40455514790467,31.55724799102532,86.09770010559458,7.412989894559742,122.01231942786342,banana
30.899297627863042,42.87008073111585,43.65600755174546,30.525701763566556,91.60529167610387,7.505789821503249,100.68619704554366,banana
29.08954138297436,39.80564896252561,40.46346812643521,27.993508586468185,94.78689798168743,7.059770812112129,100.47974033918922,banana
28.746449106059995,39.37261682732568,43.61506762195716,29.720168481840364,90.32038711366334,8.124695445957109,103.3081602734856,banana
27.207484204627484,39.30221318724397,44.578001452187415,29.731701624193818,82.6976897058538,7.81413006273139,105.84117103177411,banana
30.67833792502336,35.39783728509461,45.814179176024695,29.347244253622087,98.59657442293029,7.146616373250505,98.33001104569644,banana
30.988638623571767,36.93832960434646,45.66135853722273,27.585140403701875,90.64229386804138,7.228174228665706,105.82494957995002,banana
29.826779213256266,37.17565299591135,44.41699719134647,28.45789003116283,92.15409434636005,7.2087988599434905,92.05802556005743,banana
30.64449215696202,42.216278535307076,45.3653683573449,30.49537908295893,93.77462891981865,7.124361384708413,97.75260612338236,banana
32.21461125559205,41.445877742149285,46.05104363385639,30.19269231328113,93.44573220754043,7.313912973528889,107.73845736414677,banana
30.778183993971798,39.78001808374072,42.11257745799382,28.37834102446327,94.36953820376792,7.181159789312858,91.07772042659269,banana
30.981413569690844,33.83439481129801,49.54103915971443,30.698011148990545,94.91897948944725,7.043335036026629,99.09096572943056,banana
30.38076774463977,39.086590478784835,42.58339244136096,29.737521384598054,95.0008055272947,7.582641619773097,99.66479428064787,banana
26.90053770936835,39.053822557277144,42.88138490610333,30.23360414874313,100.0,8.025276535040778,107.84071352576036,banana
32.745113200685076,42.77006169702949,44.71291034646922,29.940018889783378,95.89005565744486,7.314765406067987,103.03836097883244,banana
29.441014375725388,39.07596164223009,43.002539827280415,30.840815415373115,89.64573486274789,7.951161472722293,113.54337275695814,banana
28.581625988540633,41.5062149193516,43.57809260008398,31.820153030952063,94.13291074466915,7.314293075505335,110.26637606483993,banana
29.80320908666257,39.82199550064535,45.61624674523003,29.24831093677309,93.4908679914824,6.913933911803165,109.58921758284134,banana
28.655131387788227,40.49207827425863,45.850511455334264,30.708011644100917,88.55204156419033,8.616894636685274,104.83811889727932,banana
31.079318924508993,37.41429393405836,48.32167900860248,28.721473064768908,96.73193322336522,6.94336910306388,108.15201632830022,banana
30.16792325496358,41.20837788485987,43.929676987023285,28.07015747605191,93.9196283824565,6.842203199735453,100.47928189279898,banana
32.18733363573134,34.94781128438303,46.62829371313853,28.862429725478556,86.79217174502115,7.448325960940589,110.17037385891288,banana
29.814685633215486,38.75471826914988,46.744961009390344,30.818180727693754,91.34624832076136,7.0258503791537725,100.6359765638669,banana
29.806709110927063,40.67719041021111,46.1895121454537,30.070867301251518,98.90471037460718,7.225577372062178,104.1093038647727,banana
30.189102342147578,43.432698645601604,39.50310547840096,30.057975055186013,94.00112242823553,7.379466705315535,120.56339280813664,banana
32.92967268322364,40.9051316546171,42.46939934217958,30.41613877986518,89.77486444177609,7.374670518130384,107.69541477333662,banana
30.043039242418597,40.608711246311856,48.90170590695954,31.327291542921678,92.86600708720692,6.553502466341134,113.07435416679368,banana
32.782434254748836,38.787886566733405,43.571824754924464,30.703136017389202,87.57064145365769,7.692672602041343,100.04832864344323,banana
29.29837845185331,39.26428323126698,41.107788887698916,29.61190748963319,94.55563022876328,6.815877472896435,112.15351951460279,banana
29.93434202607994,40.45244473074807,45.3444124151403,28.85224525399058,89.10342546153545,6.655371697468807,102.41213803777576,banana
29.575360734007415,42.87905878714543,47.38316754887904,27.33169528203422,95.97332366874925,7.457658521476354,104.32915101507484,banana
31.72871739292019,40.997833020369605,43.37964927672769,29.164580087812485,92.69585178755386,6.957962598045954,107.73389307819002,banana
30.786472242980008,37.75137960427065,42.700120690143876,30.135020209844384,96.37225342010109,7.5040858400031265,101.50810180064536,banana
32.232477908244974,39.632167404168285,46.317915444977764,31.566103213032854,87.1942990395024,7.309683757465638,103.063109950398,banana
29.412889922909724,43.67831567043395,47.191956987421946,26.6903695440921,94.05893620481184,7.137960238551996,113.52223491649839,banana
31.078897311012344,38.87656926661048,45.1891110366059,30.269617914562883,92.01958025749873,7.277483130340608,105.82751162301219,banana
31.822113950885875,36.77650098494685,44.82720038638039,29.433072614876306,89.36370464419764,7.672852499532124,98.93928629324579,banana
30.30195617331388,37.38730560206163,46.2034460457352,28.855707059416126,92.12123989321393,7.527659510079452,97.10930185359582,banana
31.7204969122748,37.617893314990994,44.19423242381237,29.44681731479882,96.03526392419116,7.673666528226386,117.21628177414442,banana
31.243809374291086,38.216244859744656,43.571842231281614,30.71981982489646,100.0,7.509737958223673,103.21763460395329,banana
31.413419172778372,39.82855247742662,44.9176798748601,28.4012132859459,78.80688097184141,7.1474150511508805,112.95693225796622,banana
31.306303154023173,34.40680872974136,44.848540077408096,26.5676020034488,100.0,7.447719987707337,99.47257044290738,banana
32.32109677084102,37.5447588809512,46.24672639364723,29.67091709847133,85.80094801188393,7.6436610004355465,98.65989352368764,banana
33.26169898055612,39.39921963682003,42.25123785912362,26.624652286819334,100.0,7.968336144706156,99.15168888407226,banana
33.792019099814674,39.633806337940314,44.280180621741884,29.490583381679347,90.49272611282602,7.9599673223531395,107.56200550526557,banana
27.743993722904246,43.87134913543612,47.051459778704604,27.827024678394668,90.04031797949186,6.995619919808057,106.9431182011201,banana
31.62142538793863,39.7900626067432,43.33291833074644,28.30612361813911,96.23537337362626,7.327568028495952,120.11572070573892,banana
29.538728574142514,41.000859580256574,44.958878070101285,28.372923288698296,98.88840230295044,7.4200989884919055,101.3223847213425,banana
30.384926302592753,41.504778691001576,41.75842992519338,31.924687106167212,95.40255916830421,7.254072672676837,114.77623627118754,banana
33.97119018006247,40.58446644934674,45.264939948437316,32.70462656129446,99.58033401500767,6.985823416803894,105.42683655155044,banana
30.564233304508136,38.36062867474538,41.06694451165267,31.13621750517412,92.30714098571794,7.409976337536161,115.10554836462886,banana
29.95534945398074,39.14043063717066,45.526498151068054,28.91432337186655,91.30134024682748,7.686763716610546,106.6127654763348,banana
33.255333010135885,37.60680074009577,45.34525136265337,27.254116213025473,91.26343481873393,7.077582460401825,114.84882548681881,banana
32.23555410130852,40.39246233389882,49.49897837159142,32.046524934069446,95.59658222999172,7.082296174255549,97.96416199673983,banana
30.88607777344371,38.478123377612995,43.19885100157258,29.14905079265846,83.29422863415732,7.989476117564571,99.79338183037454,banana
29.76357579162025,40.530496811882564,40.71074851612419,31.178154061658702,96.74742433795325,7.238818135951767,100.16094312135533,banana
30.108729853880817,35.15436267934344,48.35864958909232,29.725951105910944,88.04489724084245,6.990346660149862,110.13046901986618,banana
33.57247321323138,36.432240448139616,43.37570462387577,26.681044207690512,95.3949940956059,7.4344827209422295,120.32901140701517,banana
30.723082299845416,38.295569295283286,43.031967810615534,31.069632865609172,83.38301158544482,7.683003419501168,108.15920151807082,banana
30.05003842122159,37.25335660989291,47.521913336966065,32.769062425398566,89.54775379855086,7.590775425468725,117.22887830132927,banana
29.847446171942032,38.7037415653634,41.725329478158606,29.385877836669277,91.44896581392103,7.193661317031618,102.17764182219966,banana
28.14999812761914,36.25934692061509,42.34169548592791,30.717182629578186,89.21066424975494,7.0114958420507065,110.65348607422727,banana
31.93013192338409,37.57745762377495,43.23443745864633,30.75131234954688,93.78767331392629,7.017747799315373,108.1283397356861,banana
30.886066687735447,41.7625456489687,42.6152029999204,31.12901572711016,94.14264758971325,6.94445908746704,113.08942940720748,banana
32.54547463952536,36.305880097813244,49.916875329255475,27.691969345890598,87.04541705130578,7.233077554646423,111.36706151768713,banana
83.11511988334615,55.1181604127629,65.83139122481208,19.311973055648437,70.88188348498505,6.39854165201312,156.71357472382962,mango
96.04687552039523,55.94791958605313,59.6373175254534,20.288092635070484,70.61211660890258,6.880320167469224,170.72940178100623,mango
91.75953626402273,56.4222633817309,74.38039061253315,20.40722056767872,72.37074804639553,6.772967646818846,159.86262876687564,mango
104.99276279956827,58.30991424473206,68.44515813584329,16.78766046972348,66.92179794240089,6.111817554653316,180.02706618273152,mango
98.59772166284588,54.132166811337505,69.03564031276855,22.12153573945285,75.48996799127237,6.343712087059795,166.56877373926204,mango
90.50734090995607,50.879228912214,70.88363964559701,21.928371870608387,76.93667255640412,6.901913820561677,164.1470516861553,mango
98.6816151800279,60.026582369329105,64.14311596959276,17.09897146650013,78.285321606516,6.997768979224085,183.72765687280034,mango
98.89364967273117,61.51531866520227,67.63894789683057,19.774251300657134,76.94188331062766,7.299337260311668,163.29021695296092,mango
102.68503675597344,54.36406214823199,64.24940102934,19.805258424612106,76.32611009286333,7.230688126020634,155.3399900793865,mango
102.55288254445607,58.867722941604406,68.25412713760822,16.37627914697163,74.7342403745098,7.246642287810966,172.8100544646957,mango
87.49666610991268,51.5782862206493,74.39087374829926,20.127470622069353,72.55874190478204,6.783182962888576,171.78849286393012,mango
94.38246110080844,55.53564267891471,66.54402866771291,19.50544267474728,68.7291466306941,7.274965406288682,175.0597060253099,mango
92.80344723658492,62.789313801263,65.46884240844857,19.726414866143102,75.04485024102726,7.411028172421401,145.72745876566498,mango
103.36148009845094,60.71365139555003,76.20247922438205,16.655066730657975,67.63390808491212,6.843606951238141,163.37514331188163,mango
105.35358107509833,54.28944323026099,75.32901654959291,19.855895507487165,64.34801262543667,6.4753147224849155,163.1355089531299,mango
98.09381428502176,59.95682391247943,69.4006122778019,20.25719544101512,63.83335553321511,5.625253543899022,164.4594262898958,mango
100.21091362440136,55.36227396328086,65.91802941752927,19.697040637231286,78.66089114385234,6.841573707279008,160.54119506550938,mango
92.58122792689849,63.263780220461385,69.99865641785202,19.91586949515397,75.64575192061004,7.329222233619001,158.56780323852334,mango
103.12290074234568,59.4536219228621,72.22813196865751,20.373966601477992,68.11241974101786,6.853582668432807,162.5685488858304,mango
101.96590704659766,54.371099260560996,71.8243543202879,17.949280214274303,69.97018627174315,6.734832582308918,166.70259871129304,mango
98.3062000588247,55.96424159473868,69.24442593666355,16.824052574863753,75.16056446992353,6.626842872439229,165.3880782678759,mango
92.68715264024948,59.98115364254903,66.36115475102926,19.79155985910365,75.46939811177029,7.563972782372586,179.81962905957562,mango
101.15399629894047,52.5239851897356,75.60268901621885,20.5803921581713,74.03485142066242,7.216539073234036,168.65146485273442,mango
94.53678284354672,60.26738308638561,75.5404733046808,18.020753651468915,74.36918310061992,6.988336917550857,176.83503333828574,mango
99.17669736588786,60.38162787507943,74.51200990903514,20.241452183556365,64.71819935094393,7.228036300751931,168.4735267185868,mango
91.03654046560848,59.024797244317526,64.49141027942173,20.253828625464575,77.6803780361135,6.684054254348029,177.23208089945007,mango
100.25325527112341,58.8441188977989,64.58595412235186,19.9299282021494,71.13037345928241,7.1959940891791785,168.14590937136825,mango
104.0202915596578,57.58728438175698,73.10246477589229,20.80267099044017,71.35165434904472,7.301589967973272,170.3765292188986,mango
100.7070033444933,54.906361850665895,73.51429388464601,20.641404654615368,70.26195371672607,7.220468334775404,172.41260012122703,mango
91.3055399619463,57.87362814510308,75.78258071930861,18.692513168255797,63.17716201674294,6.980616292609163,161.77973077893608,mango
108.67023191941719,56.561167314549394,70.28590111040637,18.53382776851133,71.66773092888465,6.668572240682258,159.2428030747573,mango
97.36707494319464,53.99564676831904,75.77424026895547,17.92737882763536,70.32688577941101,6.618952264796243,154.5382425839537,mango
107.29316208525115,49.694669777586476,76.32911394919302,17.652377512074942,71.00904183419783,7.816534656182725,147.1696912840744,mango
89.85252462325771,61.07907045273899,71.0317008633475,18.63315563266271,70.50238485311587,6.507998731585472,169.4168357300429,mango
106.30994755880076,55.434623794147484,70.89152177156882,20.610844312255576,78.87735954399886,6.660781761093749,171.17753636642354,mango
94.50730029809506,54.56361023868429,68.66598188905465,18.53647157888138,63.46164248157852,6.093266414361608,160.99753620848838,mango
98.49311871970586,60.74983248405287,68.12951488207193,19.06209392255485,73.3737949883244,7.1984640997611855,167.07800790098642,mango
97.43019221981764,62.938446655569656,68.93778603047672,18.69784953836352,63.89929966108231,7.074119284035287,165.60812280567635,mango
108.67903159108367,55.59506242308118,73.66498499471608,20.304213233412085,77.45909927609094,6.368945443866055,183.6425787959234,mango
97.81136231467268,56.361587008396135,69.03828283893212,18.805414354046082,69.21100086018612,5.955640957138733,173.23678675377016,mango
98.0929579284113,53.549493246911815,70.05381912022729,21.842119767132647,72.20774837564939,6.742126502456577,185.04954151925253,mango
93.18015149980386,56.19686762311434,68.03904294407404,18.98376059725092,73.65560398852641,7.132862817282353,161.00852963255804,mango
96.99097798906314,56.987390066835125,68.63198198356118,19.208303282765335,67.6518781199289,6.601805699677833,168.6259433775922,mango
91.82870167862542,58.08544801391349,69.5112404269574,18.212071154843898,68.09675682405675,6.705025592278601,166.60381808399947,mango
98.3637674593251,56.005753791961375,66.74118771583782,20.85321505966796,74.34356536003584,6.941650297692257,177.4888977485746,mango
99.57078149758807,55.839044347121444,70.64686276403262,22.23182342958397,74.69580014469928,7.315123936460896,164.2975277971377,mango
101.11806188475593,64.13971897426498,72.03994852037366,20.446127463700368,75.77737274725253,7.154722260639651,183.5577013749709,mango
99.00966097267926,58.32696413303462,67.72779887363403,22.195853608036426,71.85849925745151,6.940741791120533,181.71636425986344,mango
94.93333949552496,56.669282684178505,67.0975998649472,19.267950035952396,69.01495802886294,7.1132101342521326,166.9009673428786,mango
94.30036058652838,55.7161489255146,69.80099436422445,18.670739849397613,74.44306477160183,7.164616813839754,169.54980847591705,mango
90.95234453413262,58.38147160531438,65.07755614622923,19.448494327637295,70.79654338520852,6.6600314586549025,160.04583776851203,mango
93.754022463714,63.42174736446341,69.20157625437375,19.010967803615664,74.52134736315242,7.062776380959963,178.41671120114898,mango
90.74989491221432,53.10893795766914,83.82292463911554,19.19449972345456,69.41675415333945,6.959607162613988,177.76211960888975,mango
90.96592998297683,57.60770596749695,70.16516108137948,19.989770463422172,71.30638484889793,6.683610743583471,159.70365642838348,mango
83.93564481475228,59.88474777874257,64.31643891693867,18.792522153119485,77.37568314815022,6.728702020729367,174.0549407141195,mango
96.49332724413738,58.963726171001866,70.39804993361734,18.675473199027817,76.09795621445006,6.7893536978451925,155.1376555042633,mango
95.83007045893315,58.43869709327967,65.76679530623714,20.11261125775128,73.7121781965924,7.738246146375238,161.90080601148065,mango
101.40346687274248,51.22467451445925,68.58303620887095,19.356322789345942,72.25241271703645,6.873093513657504,167.23312454395497,mango
94.231926134697,55.22251352597963,71.51333830112074,19.858923618851122,73.1951231423425,7.289839953520602,179.6068978399446,mango
87.55179558308087,54.973478451631344,69.62311102556953,18.527270941838513,74.84424250750307,7.191679677337471,167.07332416920138,mango
98.3580771637588,60.79334433828726,68.87256001830656,18.89204113936521,74.27218531048729,7.081003944883424,181.82454071566528,mango
99.7537273180152,59.11380252463395,68.07626865654686,18.20158926649569,70.55776971593336,5.844256721438281,172.05356441220476,mango
103.1249588220703,56.924368544044995,69.3871331515447,20.441033549366043,70.4237481223208,7.282940187147948,189.27049713101422,mango
101.73663933934137,59.728347067257786,72.26914786926467,19.517691400394217,71.71357252927206,6.921870331920844,178.5669294201077,mango
88.64630542845501,55.80907034368343,72.92712704958156,18.31012824287578,70.17201982462815,6.620861784736934,172.36400907150272,mango
102.51977311015422,61.39892971574767,72.3023863924671,18.448535148543307,71.61623519360016,7.120100004421499,181.7069402646902,mango
85.68360187114075,57.883192708562,62.925118050085814,20.028756845958053,72.39695271025957,7.0923399479188065,176.64007160454688,mango
99.83851393632398,54.58050741976556,71.69345821392429,20.562769228170588,70.12898060046777,6.906281430471076,156.45251597245627,mango
104.16995299401474,55.04152371649507,67.29341133023169,18.748384301679657,67.11914250962135,6.79608922022786,180.38941331141686,mango
102.11632775855136,61.29824949516122,76.25694867651421,18.255094766466122,72.53877458427267,7.486519749452834,190.20103142094615,mango
89.77759967399953,52.059295262441275,72.16102160560357,18.871264867267442,66.58233540091932,7.045065917934992,160.5329406902172,mango
85.00241923351705,56.59784377137186,70.77575910688692,19.93973363560841,74.38569768767299,6.966216181865259,165.82218813003215,mango
93.94653206706404,51.32927277282485,68.50540768995334,20.33423921119394,73.21350851256986,7.702815364110186,166.6180836746727,mango
87.69384088528038,59.3449142881584,74.43116381364742,17.950126411040422,64.06392032476552,6.9533351742210225,174.91081895931657,mango
91.39544386215454,55.55964748580984,67.13607021739125,17.933274029162135,65.25687255050978,6.94771314783856,164.47068909887392,mango
93.89446781101525,48.19828686498033,77.27292086657197,18.192930700580376,70.01084841732342,6.443033259704522,171.67243773931574,mango
89.19916891269271,56.949894811628766,69.48136803968318,20.239349755952322,66.12814484443973,6.634855341705407,165.7449050737684,mango
109.31636291018648,51.86149759210623,71.39843043286719,18.50559353921531,71.80097763704742,7.147483944308039,169.33925869122257,mango
99.06998668778766,57.536380471330006,67.8584514979842,18.98606685902245,63.845312516617206,6.748943465235568,160.5727345482414,mango
96.16788423792855,59.01035121535706,71.74648538536665,19.7393921756087,74.98107841583743,5.9480743673961545,172.0794398573499,mango
97.44430889810205,56.29917800582945,64.95198635163123,19.82406634281931,75.15308382377394,7.2925814368233,167.09912021579174,mango
101.13539299781212,59.599576234043326,77.52150390011992,20.567246578374743,71.08531670245388,6.924044838252068,169.51685649996298,mango
98.83045254991443,54.99829925133976,73.29243837281646,18.45507854669759,67.27294308228704,7.026193890594645,162.38735978948569,mango
96.19098414981606,49.87567022405413,73.3788397386981,19.208229415618412,69.98888509239568,7.068371054350626,169.91134185534935,mango
93.64338243038671,63.09711011960085,68.37235245258881,20.28566458596855,77.88675060276755,6.641048872052529,168.78600735592678,mango
92.97735640367037,60.001080466506906,68.83600492431714,18.003659847487363,75.81163040535075,7.24718658704349,159.3410805560771,mango
104.15134671948196,57.230384665327335,81.08692281892606,21.099662184850168,68.25653408891937,6.779022213122564,159.44539390015947,mango
98.2843801192104,56.74815629359484,73.13303144728668,19.307309634871807,64.55583399837961,6.565063350084375,181.45812111125974,mango
103.98543808981826,56.06865117880472,69.62653792408146,19.025989085925666,70.58076943340552,6.22297364721833,176.46217675530187,mango
93.85751595456986,57.06656298242824,60.014148295480325,19.46836910329765,75.88963146113203,6.003144081148128,182.460788959166,mango
100.16930184570963,54.213481564403175,63.797000760542566,20.49003977384292,71.54056572088456,7.118245683665326,165.24384772159013,mango
93.07620396706132,59.411044155861816,66.33070668342376,20.202365885370874,63.737830787781874,6.51928913643005,153.88643380329881,mango
104.85034996880823,50.90981503121204,65.58618397978415,19.937540883505445,71.4118473431899,7.749589885040665,185.57350624088863,mango
100.9809862599965,58.827542359894494,62.82355818642558,18.2388715365954,69.1584669381491,6.814113188232576,154.60916919676816,mango
92.31795808715793,53.838179561132236,74.44506474614406,19.67926041056349,69.1428895746973,6.775316082359784,170.65661420916996,mango
93.62278799306483,55.73223857293779,63.23509197316068,19.94831133998052,74.3727928944226,7.027277224094937,172.4498543882294,mango
99.57078264526682,63.21686979406513,70.98665595898869,17.751236887382493,66.24205344906916,7.165282039614122,178.12386108481445,mango
101.83947960339366,59.31474394528838,70.91636578481493,17.566907445839323,67.61063791498441,6.168002612465457,164.10347490051552,mango
89.87942712849954,56.895217353234045,69.47261706583603,17.055905908976154,73.4426597133557,7.184122905548999,154.39791242016065,mango
98.31747110605454,58.909557360829616,68.97713076860097,20.151200410570553,71.23057881093375,7.307348355627617,169.58960343860193,mango
6.192477648660098,84.01932685094565,92.31136545593202,29.661271535384188,46.047227287831355,8.219498649327532,48.97015258859312,grapes
6.848321223998529,80.25781382297905,93.63008475618837,29.237438026130363,45.78826275093269,8.022930383761457,43.28119449351941,grapes
5.898514957853681,71.19473684784444,92.45084778332641,31.838365972532852,43.628590199045284,8.374845403957885,43.894057662094056,grapes
6.505019249850096,79.12851923182384,90.15522144712908,29.60549717100808,39.69688384183121,8.237205919356196,44.53442510095092,grapes
5.4807833392207606,86.11530792321756,91.18938512726209,30.144821037976424,46.992619655605914,7.938071923995007,42.08593835093148,grapes
6.234540826984065,80.92398098263996,103.12122246518666,32.974954451202755,44.71989020955461,7.937997766418221,45.71918782390223,grapes
6.608815264702159,79.6324524996251,86.02918012824591,33.13043786101567,48.84137473992379,7.397594785298194,40.265998934352595,grapes
6.090527725975446,84.0192527880774,94.23915198005838,29.1892597762895,41.683035995484,8.234982224236973,46.44068959568847,grapes
6.3967509689602196,80.5523146157183,94.37895416706287,29.67785840269349,42.9981060520768,8.174927591673628,41.47396940911223,grapes
6.7562456352979305,85.20926340523096,86.00182672695094,30.142575950450333,49.3628666239524,7.111469556608229,44.49408829908492,grapes
7.011864174285755,75.41168402519835,90.41425703988669,27.291734983247686,45.81900381575759,6.98695014918184,40.5969897088864,grapes
6.194806912994611,83.60646886118627,93.33119205722329,30.514852166359592,49.09852727112992,8.462359384881472,46.80172905808642,grapes
6.02859147608282,82.1738457575065,108.37660079224109,33.73763173538515,48.24094159210218,8.483026425530214,47.466541998439396,grapes
6.244412786955299,92.49479258604609,89.28990286889174,29.629593928485523,51.89632223976444,7.133423089577688,45.8167818245239,grapes
5.746923262954738,79.74348737984883,90.81445768705935,29.15486645164337,46.47269582459565,7.761376104113854,44.58607843277847,grapes
5.947969855664564,81.03809359502675,83.82255727679463,30.927807753850924,42.48021633686707,8.463095071719145,43.76149874388703,grapes
6.2814406290844165,88.73051225091889,91.89360628388074,26.432358473965408,47.36289025278887,6.732163694381804,45.56986763990936,grapes
6.244297350760859,76.05411667150261,91.73525463686958,29.22893471126404,51.47786935746489,7.918105952076914,50.03422974528463,grapes
6.921751059125685,79.926255439538,86.87869971970207,32.110707079312476,45.6289820228648,8.206961327154435,44.18047387538491,grapes
5.935694368526453,81.09719224638525,86.09098833640965,27.058761419986954,45.197383129563384,8.994127399455044,49.182761083139084,grapes
6.372685169867272,83.60768784428896,94.1005979222187,32.18854531719564,46.87542360598712,7.898107305429368,43.81238014526935,grapes
6.829081792010493,95.83066666761228,87.89568741454599,26.12613350766291,48.229197915315275,8.092594184405451,45.233162283741706,grapes
6.869293774514971,83.27452282403752,84.06976772920709,26.279410848477635,45.87230546399233,7.566892352078917,45.6398308649343,grapes
5.908890886611722,81.19131010420651,83.27524370465322,29.12833380125524,44.774806122520694,8.419789152085698,48.47101273754974,grapes
6.326384940517354,78.66036583847172,102.01419322838498,30.42367814405559,47.691228075953404,8.42707626969756,48.775548106446934,grapes
6.784068859032717,86.317683031989,95.51948305226131,28.246186712187903,44.33168672209271,8.079318425291124,45.1197718477773,grapes
6.404740333504988,84.49039623782257,91.4737925213223,29.01690360966167,41.53425692111974,8.539129524082815,46.45151369772228,grapes
6.060829037847274,85.43196965982645,93.49215433032246,29.910657952257203,40.93980721748213,7.543810392444035,43.25493737831609,grapes
7.017223874536173,78.687066428612,89.43246170197669,27.797401149130387,44.65460869907488,8.298765508632847,39.29042890204281,grapes
5.309290710975614,86.2519501477662,91.52212215705204,28.70004413242008,48.68715172515404,8.6052515647359,39.2276464744161,grapes
6.333419928706858,88.47239661217151,87.66454405442317,29.219970544677476,48.645384858860005,8.000805225355457,41.647278390741185,grapes
6.134180968723989,76.35505681639343,94.36607986589105,26.698119250556744,48.77880020080504,7.328350578088946,44.99150022821134,grapes
5.834370708734209,81.38111873724459,96.9337804023665,31.786716510943744,49.61614851540123,8.088019196199626,45.15884749653848,grapes
6.486937845199973,86.02253708192767,89.13815544623083,31.747463883149894,46.91097247743942,8.690142118475734,46.15703920740148,grapes
6.658172411849126,79.31631079767136,89.04480233053293,27.468996550880647,45.193731762940985,8.04539915034471,47.12273988720592,grapes
5.913721436891362,99.07501069449964,90.65834820653313,32.0308667564458,48.88515611537309,6.900023184780949,44.16213661366802,grapes
6.964015740778524,70.86765976224123,95.54599049257673,28.1406047538592,44.720624321065955,8.240723706684795,39.83712630678463,grapes
6.472643186671837,79.72992542994182,87.21104000027239,31.033707076774732,55.707241514489475,8.298594250961214,46.35881373673856,grapes
6.377676847724749,79.34256452516958,92.73888737875413,32.49404820511736,46.52985873253539,8.565747743270672,44.25225153151972,grapes
7.365738689385976,74.7234485106176,94.52464278627929,30.74399722179369,46.73842121884927,7.5840926429722275,41.790249575326975,grapes
6.305523262116041,83.42598457731573,84.64294895627732,27.862236024506874,47.54454139888902,8.63286765282349,43.339013656708616,grapes
6.1264934871014365,79.2944060640714,104.88982911361201,30.64244892067812,45.807263679658114,8.61919218957227,51.037985754251196,grapes
6.844610495354103,75.79047807228447,90.80737847573604,29.038786114243546,45.035150698072364,7.531325276144038,43.784292075302126,grapes
5.976249823093804,84.59224774499413,91.51249366469187,27.224847212388738,41.251209636978245,7.890790414915104,46.59513383188495,grapes
6.583388094886932,82.56049641093018,73.08902722092604,28.8698375974539,43.92428711025435,7.960875398320561,41.53715152188237,grapes
6.225763237870044,79.56518177563244,106.18948611302,31.0182195223194,45.43840222592317,8.101242100061267,44.51159277668773,grapes
6.464982249577883,80.86147848479595,91.15522947523027,31.597266654673728,48.27837853456652,8.276100760269427,48.43424894522222,grapes
6.478843514025026,77.97845499757113,81.63314505179487,28.50650364898205,45.79888130219448,8.319839904060228,47.745636029178,grapes
6.170957771886902,78.85835111141859,95.49699419607968,31.86819291827581,44.648433824540945,8.290097939485845,48.5523410874569,grapes
6.516016897455015,82.6119883037359,79.81053787547599,32.134433373015845,47.75900234220506,8.186355317004919,43.57507811721156,grapes
5.911798475302525,82.38766177997597,90.66455841929205,31.724706401999256,42.613258326075645,8.831030835264311,44.92728320248756,grapes
6.849943771465393,78.0373810522124,93.1600219769792,31.945088379849555,46.291228970073504,7.404475375088946,43.94011729548842,grapes
6.598725545706739,75.89356830358298,83.30496804931825,30.17721147440919,43.33884677243737,8.458240316069242,41.65511000821929,grapes
5.684849762120822,79.00730940733808,99.46300179131866,28.207008120378724,45.95852819839808,8.245628953059654,42.26728303151933,grapes
6.8130618181513345,83.77396572300944,93.70586815305111,26.740316781988536,41.1275323928264,6.77625508376248,44.32324072180065,grapes
6.304541001052554,86.50520240139917,99.42846779341555,29.303801233307713,45.2342556653055,8.346195045887699,48.96780774388157,grapes
6.076113882648055,86.02270135412319,89.90838835225229,29.16009200134963,48.23737739204784,7.739237773410672,41.95518640326033,grapes
6.649671255704701,82.77571543562887,89.82186318417564,29.522110311496878,47.35789311229192,7.945388743645576,46.90874574551524,grapes
6.553188527060456,90.30034685040214,98.2283339087079,31.298051660255677,45.42355959633328,8.184668856413627,43.24417457026998,grapes
7.491273002738223,81.80316173544863,94.33214713596267,32.19825844598626,42.21649105496833,7.723474815096589,43.78212764896469,grapes
6.011929223154425,76.58894320440534,88.4481299065123,32.080950920500705,47.99505799832148,8.14510693051888,44.92799335592946,grapes
5.756191997700814,86.39668728555827,93.63366998131407,27.83134938358562,46.56740188020543,8.034465489026566,43.4566122819356,grapes
6.015208842192555,79.55811430017611,86.12259155223435,30.59648814397133,47.007632671318,8.28662132290159,44.36473813693205,grapes
6.239035936847813,93.11619817485996,81.08118256284521,31.91384489350577,46.97770845699566,8.163215029738739,43.486077999409176,grapes
6.311980922880249,77.02168557683191,83.69086632536846,29.573232441771516,41.42155230752452,8.539941097143624,47.867037264283844,grapes
5.073579368347161,75.19704048492645,92.80448619741362,30.153865359378667,46.311716250852946,8.336337465831363,46.876254351219394,grapes
6.7297477150641125,91.86796131892534,91.46525346274102,31.322732898100266,41.520109157248655,8.066668562443779,41.57870958776397,grapes
6.933079678807107,94.59291838406097,94.29903547554576,27.45226335672872,45.70017342965787,8.145959012051645,45.4064803159215,grapes
6.816698559914809,87.71570806001371,76.79274541805141,32.22777027338787,44.64267474392433,7.859046889840319,48.694592247911565,grapes
6.295771383140529,76.13248523462192,84.06433660663734,29.88706861787833,48.52691157703344,8.866119769202985,44.41612566882791,grapes
6.218589884926496,91.05937023416868,88.83210700400579,32.39432549247532,46.66798852005374,8.248891181238138,44.24373341433132,grapes
6.512994736390615,80.65571514551304,87.61924642670141,29.543788518207233,44.2228101952054,8.281747043858758,45.109026340456865,grapes
6.2981944750799235,81.97677665305136,90.09297955304392,32.89798627343505,45.995536378824234,7.842943975872938,44.08152674418501,grapes
6.653615777526499,81.97183579365192,90.51902960749881,29.32709481205466,46.47537634046233,8.323825397004159,46.07402087245091,grapes
5.770107705489699,77.65044642077783,76.92345559478517,31.218332389326715,49.081739703512575,8.767830440202731,45.263553905243775,grapes
6.840124608596702,82.78163279348435,90.67798020775248,27.027909078896037,43.855498885487684,7.843515206581921,47.35069955027271,grapes
7.03586313479884,80.63032351207808,93.38350146616997,30.277215261035536,43.879729883897944,7.2919370561324195,42.8461612730491,grapes
5.8463146946126585,81.39012254903616,90.55981384528235,29.45879245932405,45.550089680279086,8.36792555835704,42.3628043291847,grapes
6.7390151224471815,74.63377388793987,91.67211790548919,30.47493921795842,43.825490848767174,7.353245714454712,46.58797771674588,grapes
6.138923033297836,86.84300945053616,95.53490222907261,29.768021981056688,46.00479937516771,8.612633678298208,45.8803146358675,grapes
6.039209633764343,83.78441590599631,94.35534156620524,30.139720380454182,46.53095900240482,8.0591156494362,44.548371172642305,grapes
6.038772515537908,75.8388164562826,97.47990772034686,28.642516081048992,46.62067139959884,7.40013997067255,45.292121156465306,grapes
6.08032835660735,97.68372247478004,85.755081133594,28.05729762084393,48.60329972594183,8.68404893839042,39.21207407503998,grapes
6.494609888363643,87.30560009824289,84.63635389989601,30.99417037866927,44.55613782353076,7.645350573746807,43.9239570060749,grapes
6.220393840482602,76.05407189858029,103.52725506195046,28.965928243080857,43.95291575658095,8.545267482945656,44.66918230075919,grapes
6.9064332507526,81.61901340806799,93.2314042853324,29.94109870714372,46.46221961951947,8.029111280083338,44.5833557405932,grapes
7.036826864010804,79.57244648170371,88.33554669722285,29.164302207812767,47.570369477956135,8.324795128122378,47.36612985923076,grapes
5.885164645617654,84.22468271658337,90.35327441913674,29.266392441570567,46.45356528768895,7.175447109846301,45.59315900174301,grapes
6.451757625289642,75.87735838899053,90.79561425656867,32.5253398219609,44.940058125416215,8.417520711731244,44.25976467482344,grapes
6.087287710611838,78.39175036639062,89.15181863461632,32.08185270822332,48.241525226625306,7.788283379686494,47.531389816770826,grapes
6.348023586491928,79.52899702425033,93.6554664861154,28.15897850941533,41.70482942935716,8.756743259776888,39.98470615322056,grapes
6.60309679354704,75.41872127452778,91.15817700372574,29.425852549965104,44.80354477053186,7.073435792205393,44.574792208215534,grapes
6.383016255564285,78.52046501661285,90.95269666325683,31.535281193341035,44.04459631786928,8.255269396206693,41.80207887757656,grapes
6.54267651990838,86.10372689228683,104.77949101876045,31.38076746515792,47.19441338012329,8.811671379112486,42.223273174198916,grapes
6.804885495832429,80.27686238059314,87.97852880641207,31.71741186937203,46.65439945344477,8.771661256173704,41.020677931748054,grapes
6.501937066763553,80.38332976728283,89.88158362323502,26.420500091446762,48.576434216292135,8.234652285639909,42.26152007244019,grapes
5.889329187144566,78.70867568147868,98.91417537698108,29.6135774887509,45.11993547898084,8.372059233255543,44.92067172160089,grapes
6.488425156758992,86.64388455879885,93.1651796050529,31.34316348526403,42.794333954447005,8.166768054241953,43.95886753705545,grapes
6.442424050486032,82.81916920377219,87.97039452882997,29.189866899508893,48.622980344448465,7.8733218874357105,41.61431734118627,grapes
6.62802639923189,87.79355877000589,89.96551291066933,30.03493545274477,43.78697560773903,8.043204663310705,47.848684060070745,grapes
126.17427949034733,23.75027321009362,141.4977221103789,26.20603030325927,79.94977490333214,7.885210149687645,63.34672193118244,watermelon
117.29731339261079,23.8573181686182,145.61537034741403,26.958221117200456,77.49793500520708,7.9809902253848914,55.95831315348171,watermelon
105.22029745074826,23.83570391166989,134.988950975517,29.05946010704175,77.51334741988988,7.168932542914566,59.83742410246653,watermelon
120.32930391361127,22.767707704419045,131.81504054176852,26.21445929733751,78.28244564544158,8.36482585000202,53.98978834239867,watermelon
117.93261658718134,24.483454890933874,129.6856771593487,27.46012241252759,70.1593532778817,7.165213947463461,59.26861255834114,watermelon
117.22592623138762,23.41847736972572,140.80112891174755,28.411933950327427,69.63305635716847,8.147346791683084,62.77359874064708,watermelon
108.25309194804768,25.672781374914415,137.8003135498962,28.298279734043046,83.12694207186063,6.415507085923819,53.21365275176158,watermelon
117.65199936256565,22.934358705390043,126.73176771083078,30.560641166009894,76.89564391160108,6.953180722585446,56.467974430667,watermelon
118.5641060369682,25.70013863251553,118.47768180476695,28.50265086259317,73.11568073967598,6.747971488584512,58.1742382824831,watermelon
102.42634245400603,22.54731327383734,146.88368416775768,28.94081778099107,78.20883104235627,7.7792537264574255,59.97167584995846,watermelon
119.4475625618802,21.696619005396904,131.40588222901846,29.50331069640712,71.62868803099964,7.325350155107806,62.91098982927877,watermelon
123.18239710092351,22.462921584043606,127.85908773322672,29.068226042890604,76.0120593615914,7.223712672167325,60.82912787165633,watermelon
116.7351095558225,23.401998603863987,157.33764279371232,30.347111240533426,78.40388299197858,7.970386385337121,68.96213063640218,watermelon
120.34677140015324,22.316507461191076,136.82104164457928,28.238900481029496,72.36689581817957,7.635755068055336,59.659676846403464,watermelon
112.73492165801606,22.63458465668426,140.8195108070453,25.49659148667987,78.46244029283302,7.526221997751317,59.74473929029727,watermelon
97.39638910780863,25.588232929254712,120.7232994173824,26.699610996765692,77.67788583172833,7.255542203498483,57.40036394113281,watermelon
98.33110470334995,22.704254375224675,135.99337745681316,29.240558946093007,73.60491386914069,7.619184242880685,60.31416933341637,watermelon
108.65758847172212,22.27671498722883,149.7586348142872,26.723402452776913,80.27257862675582,7.554418235027574,63.88298334271026,watermelon
108.89520241614267,24.008639615743803,136.94715711688997,27.75213902487738,76.23312855436394,7.184740853148808,58.53462326724637,watermelon
110.48522892766314,24.34250685324039,133.62886190236463,25.830758664185726,73.24040720140482,7.480317198489447,55.698336098056124,watermelon
121.96179578434142,23.855982706625664,140.9853530027928,26.866739589555287,73.12238178656139,7.968587880467013,53.871483178533424,watermelon
115.57404764339671,23.42562886779975,130.40462320034743,28.276534510648432,70.14600667554578,7.622842391301643,54.61294578498401,watermelon
104.65820292707696,25.21656132198853,128.81389983940446,24.635926874760077,79.15703307473501,7.182443768103145,46.6451679892485,watermelon
112.75369708033381,24.57320525704035,137.12544125760348,30.97034004072148,74.32344473993022,7.788616948578126,55.331692610418166,watermelon
114.22559792150446,25.401849341431927,138.33441047354614,28.39767367474236,66.17368194362173,7.357335566491747,54.35853298650553,watermelon
118.31384476721762,22.29188628869948,137.21355810797704,26.471589303468757,83.18944523144833,7.005024097741228,59.294018827061244,watermelon
130.65243313850027,23.600209203044933,127.45582908319285,29.14782346109963,79.25326194685762,7.910244256333374,51.99637962927309,watermelon
114.58962693865794,20.385566705064925,149.38847948411063,28.249279413441805,72.84827824427367,7.823126963406455,60.51242079162584,watermelon
105.24405392331147,25.53986841721887,132.4430655636264,25.213454703685485,81.07220553160892,8.20602022036159,63.18188252710867,watermelon
116.82193160263962,22.080052261231057,141.81417143614732,31.223713888654572,78.494907263347,8.23745266714381,56.130609320818955,watermelon
119.98365954371064,24.600906851324634,122.54010248568132,25.42855457099489,71.70611653059679,7.562307844441913,60.409418868732125,watermelon
111.66244979444525,23.22145467965018,133.4964503520762,28.284112280430534,77.49267423419455,7.747709795904528,58.64514795980755,watermelon
114.91823938915276,22.68951751926403,140.7481895817678,27.297872571218388,82.19341346184925,7.516312516691922,59.795653301955284,watermelon
108.08289210261667,22.83687594660361,135.72146508914184,28.172004119422784,72.14618264347273,7.0086494640139865,58.9808664151464,watermelon
114.22275471663471,24.07424686918238,144.3583628038674,27.619242369633806,66.03916708299838,7.463502209533786,52.39376122845928,watermelon
104.54901707075275,24.741523775285074,138.9399525215396,27.064857035383643,72.08574547504732,7.487883166419815,52.70765749424586,watermelon
116.42759052167364,22.832603997648295,149.1235318452495,26.37062237241919,79.38443409968849,7.223063325302967,62.41746180480134,watermelon
106.61224892217197,24.33515154976567,130.90926604030483,26.763526885873205,74.24943513045382,7.741649410868058,60.26581904748194,watermelon
123.8398691638192,24.458009032140232,113.34303903922167,27.474278445497,66.03633340743728,7.35646867385744,61.03622045392266,watermelon
104.19693036221261,21.679528783077874,135.5898915165328,27.662777933466476,81.98718730716696,7.673314727276021,60.718686236694104,watermelon
125.01037776124828,22.623176045454407,134.4285607409124,26.483128404846866,76.0781787473519,7.993301117283779,63.654567622121355,watermelon
112.97334212220997,22.332552336504406,128.31010336930902,25.80934392409606,75.47365510346278,8.139680988913748,50.54194643306883,watermelon
98.54035173505146,25.271629258240637,121.55344303604241,28.70705955152228,69.31209452274831,7.881728277627704,61.61444669641254,watermelon
114.38247480638086,24.474036574734335,134.88275249227556,29.102706538500563,83.10657710122409,8.025106564592756,56.56352837553881,watermelon
107.83053987796688,22.996995124982924,132.66089282933115,28.280026771523453,72.25828413711523,7.826011280589228,59.017641476495086,watermelon
115.7204498126087,23.342525184697717,139.4569165252481,26.15289341051297,82.0466131774406,7.689778917141678,60.475295663505385,watermelon
117.42986996270349,24.844122473316162,140.4586568643985,28.568466872631422,74.17538444924126,6.795736363826146,59.65939497378698,watermelon
111.20363731632494,22.90428653025147,153.8843634078262,25.046898555247566,75.2501679079755,8.082085205094506,62.29524885904082,watermelon
121.72342320055493,21.57785506426851,126.86718727923704,29.220216935599957,73.68614971292924,8.308117864316733,59.728811936501465,watermelon
114.68144917737838,23.963774075926388,132.43229017064888,28.385070058340464,72.00586618573735,7.522750102429577,57.23744628885893,watermelon
115.11248765088929,21.37903883162855,122.65197811142846,28.96313677230192,76.05617306171807,7.106928251982984,58.14969797896074,watermelon
106.29769784477493,26.201949616194508,122.10076251412876,31.07657879650699,71.36432339679234,7.731289673700777,58.031234409015944,watermelon
110.83337828134363,24.665258897375864,141.23408178715343,27.71012298911087,70.98780031535381,8.475515356844609,63.90116158743765,watermelon
114.37763492601668,22.948424266062137,137.0459622156094,28.337791523653056,80.42479120336039,7.108595013471985,59.03893872712159,watermelon
108.12270592208044,25.186096735032706,149.1920033089491,28.04729037177786,77.48777775818641,8.176592212705279,57.91507030117679,watermelon
107.11637806480282,24.815707889073977,138.77712405529027,27.853776872692933,81.61883048790362,7.6503434029116235,52.70724964953559,watermelon
115.78701242853931,23.283985080225204,149.83080318989582,28.176350302970484,74.15408863020875,7.741014339398331,59.836991792199925,watermelon
103.91560114348458,23.53449500823097,132.0844342758908,30.569309025856693,85.83409930933416,7.041540127781256,55.57882354972989,watermelon
107.7498059152573,22.452755371931786,129.17408201771698,28.29731024273093,79.96330032183215,6.959220827950356,53.56472944602809,watermelon
100.98304483939538,24.910444845568005,145.39614787961796,25.624694168857516,67.7788581353059,7.603890760571917,62.8277447485838,watermelon
120.33094011654384,23.64042978577954,140.21836661714585,28.75962740431522,72.60692711545305,8.404868021937707,58.980133990946975,watermelon
105.9361111498608,22.71883687886517,122.34289971051149,28.23795521819735,80.00589714652322,6.9761396371662405,62.95356414449981,watermelon
127.64289707222643,23.899853352329195,125.4331053752754,26.77410649446536,73.5948558538048,6.968673502968651,54.58641547159681,watermelon
111.71159118583573,23.120704759461443,139.61530638092333,26.19072448433839,83.48689463284089,8.024090979889001,62.123329852820554,watermelon
109.06219390634219,25.799214828884363,131.98788150450366,31.268449816281247,79.89813629181735,7.14215217906091,57.388893462452856,watermelon
126.14575879865937,24.770164821896508,133.4987162230416,28.55512590715945,75.98742449154261,7.198050759773459,58.284127555880886,watermelon
109.00326050671809,22.77493102638694,138.50387779762343,26.59877904504185,78.35518577959212,7.595753369074508,61.67609299371951,watermelon
119.501885802849,25.11335897462457,139.80707309030385,29.403580288497306,74.29013951501346,7.8028658693835435,55.81495150399424,watermelon
111.8047070811825,24.41915652643635,134.33002428006276,28.963275578617264,70.35587204583835,8.163069900660647,56.95489845814893,watermelon
116.15621517311821,23.341042826413727,142.2606592900126,27.566193526922778,70.6069989451311,6.689962871652544,57.90741253190902,watermelon
105.37146725359918,24.119898096780297,146.3616228489616,24.457235765765475,69.3048236003962,7.685524789300846,63.342851710700316,watermelon
115.54583251554708,23.8256264035289,138.82356836345028,29.18161211693773,82.48044943825872,7.822577607688365,54.60768317103854,watermelon
110.26209878640913,23.665855824202474,128.19976117960587,27.769954040692284,72.73127107056884,7.229248099914183,61.43791496216855,watermelon
110.82399593524886,21.842850461804534,128.96865835235815,28.27379681534771,84.59779593298107,7.662797350633064,64.23308063396954,watermelon
116.83250658492386,20.360989835195575,137.80214238594772,26.76892237042183,68.99553663950172,7.058168829872775,65.31247815169698,watermelon
102.72187792494323,22.502277064145158,144.10346948429566,29.334620474334105,67.3820926075829,7.495197531458572,57.1559478131982,watermelon
112.13120061271435,24.425268692115875,130.07059930975683,27.665921483366485,81.66859486806226,6.709973379468823,57.66068497749965,watermelon
116.65718443571984,21.61987777451485,129.62212031901487,25.979419970162233,75.78507721315403,7.262235475559168,61.76589175924531,watermelon
120.41167029758073,23.43313541979328,131.64529628749665,28.646653340038643,75.3400495290861,6.992497086693305,62.773358645673895,watermelon
114.98543562534536,24.475015483669278,123.68466489141093,29.69058674070761,84.5865439030806,7.823512498452076,53.82930566058292,watermelon
113.6916219811767,23.28291803818078,136.4734477283235,27.80592309339539,77.31136373091121,7.332679056751633,59.78356078247962,watermelon
108.73249274648033,23.503440435257588,142.7668071593564,27.367678700664946,78.08109932699601,7.140363895771968,57.64397231397672,watermelon
111.81130256053251,25.116241420571647,128.47570064799757,30.267251100359616,68.43942189691496,7.470825190833006,62.20149156656355,watermelon
118.1678004780025,21.940290065714876,124.7537120565587,29.687472975710623,69.35105921083348,7.805611275555152,57.104957418083444,watermelon
113.33369701253972,26.61975295680966,147.25681493109653,29.622702952246446,68.82028871277937,7.687084375240321,59.14146428592236,watermelon
112.71513701021377,25.241468901603607,120.69884546092486,28.733743699054433,75.61870829112245,7.199382599512581,65.09011279834982,watermelon
104.72057627105656,23.395414692469934,135.30038770093572,24.460474687494443,68.56062024168195,7.098995877789133,61.74707996238618,watermelon
119.85903143515583,24.192802224075688,136.59345789068294,24.445024492588896,76.01396589036392,7.3059113205526005,63.10899789625107,watermelon
122.59649980908597,26.509787662846556,140.39985163487322,29.57540120009051,70.35362799075205,7.575501671752433,54.533555507251535,watermelon
119.51518659607868,21.66502871362065,132.87492075000088,26.78548806006966,72.89510437518312,7.747079982262809,56.91842790062155,watermelon
114.8664021282417,21.93129416801607,145.98140950908157,27.08247178502448,79.61194857690509,8.513388600068783,50.23116509409817,watermelon
106.53979632587523,23.05534971395396,144.13330485279002,27.351858222121944,76.73272909558992,7.203974998548857,60.92796578549712,watermelon
105.00060805831735,24.528572221464465,110.17271646372065,24.945675941740745,83.28058400890686,7.615498141708599,55.71176158255485,watermelon
128.48564689184866,24.83178371763742,143.7971321601496,27.45161618655453,77.8296085932609,7.768316412261791,52.973927652045205,watermelon
117.4074276716176,23.079033617485948,145.0904540094562,30.410635687552883,72.05891219680156,7.258667037933544,59.59197482321942,watermelon
117.83007870095406,22.75521850796456,133.61707419108845,29.218454097762404,76.9192530226115,8.068925066497233,59.757814273450485,watermelon
107.17935754254884,20.82825654858868,141.19993175908098,27.595405537538756,73.39048531041882,7.401321167764984,53.24557320633733,watermelon
110.59286101615906,19.628473417325086,131.2277233727411,26.625893546256393,83.39409798099263,7.7398006918922935,58.12366542594309,watermelon
114.41238751265436,24.374974255593923,128.30154693655746,27.76832066964033,73.34431028655182,8.678828418808802,59.151397764619745,watermelon
99.64594506097798,24.471448910443424,155.82489568656493,26.513092946259835,90.94711024790702,7.5040856034863,62.49717032333701,watermelon
69.27834989141505,110.18352067313336,69.13404832904455,18.587827561324286,57.088451971597806,7.419228172827566,149.93750655842751,muskmelon
67.942502367736,101.20954095790532,66.25899060439488,17.564104151550517,57.84494031799334,8.302721987683189,162.9925346595064,muskmelon
69.03440136917129,114.27132180695898,72.53744592970237,19.791085256010795,57.86482302408564,7.836128941442338,146.83451405219168,muskmelon
67.69497139576204,120.60126591138011,66.66506278800513,18.531704575374434,55.31321444461575,8.103374981378739,166.18422858041046,muskmelon
66.41074957630293,89.47827161386354,74.71486228029589,19.231708110046238,51.42953387989231,7.5352410911737,148.8102119857549,muskmelon
58.02949691326419,112.45043366684546,73.93054484680144,18.798997401336187,53.631119755527784,7.311822928317165,143.55683342227462,muskmelon
69.70662846910535,101.36060559568186,78.48757980273739,18.956620593565006,49.645055610757105,8.445756854703859,150.86073050775687,muskmelon
65.38287565590794,108.60445132024074,63.80790613777498,18.73862908213437,48.629638965873156,7.161369753406955,161.93218528184923,muskmelon
72.9843887228119,105.61783605245394,67.62642848083759,19.59054889526728,57.195041181887426,7.746367649700346,155.16832228007252,muskmelon
63.146715846743,113.211135873198,62.47605666324391,20.199545314952918,51.763480988641106,7.345910587813492,143.1150039658996,muskmelon
70.7286652473137,112.88216083036318,73.53171834185098,19.137500221475776,59.02961970263654,7.608656934102007,131.53157785906615,muskmelon
57.93236078567722,92.3903315636566,71.69612203695579,18.2460908907816,56.84788064488172,7.749035355809805,147.08821497372693,muskmelon
63.42340236415901,97.7282809646293,63.38647940973908,19.910097654253537,60.58448422588329,6.994987944371506,146.70119804489286,muskmelon
69.48989600431308,118.55516964431101,69.18404417181779,18.704983887506682,61.47278901424011,6.81029739631303,142.3946393247409,muskmelon
67.45228381166025,102.94643154124559,81.3727861715984,19.504241626572163,58.02469556680515,7.179860600987503,157.303561747105,muskmelon
70.28618784122122,104.31871215123171,69.91622326785351,16.806073661161314,57.036219666494375,8.051376959182983,158.53766435667146,muskmelon
70.05575052067715,113.3380028206374,69.21457698556063,17.952337185633663,61.62482507109837,7.852346611274273,141.76713601589933,muskmelon
69.71386027191495,113.36562712443916,75.0330998923473,18.619001527832463,55.452804676344506,7.82682392380155,164.97481344362055,muskmelon
68.21097578772118,103.25835675951735,73.37218881925489,17.068128054390755,58.118195581313444,7.492718026440902,158.08215583725598,muskmelon
68.01925722939731,114.81649364904665,82.16551930910423,18.23986894780206,54.30542317140339,7.854091821082015,148.32543533992185,muskmelon
68.17730132516593,103.68893852338377,74.32914329214815,18.570036684009814,49.56341644039983,7.521666365729539,152.23670763150946,muskmelon
72.54092680463538,103.85210711493046,68.23655015680957,19.8138928573482,55.10595723992294,7.683777324834365,153.51687438481744,muskmelon
70.67655247000154,107.78163702169023,66.84785927148681,19.652366288331393,55.73125824379033,7.385606224494748,167.7572795221224,muskmelon
71.26482569654249,100.60747941462498,69.66870770579808,18.203697143843605,54.604820579993884,6.721578976406745,156.55507697419736,muskmelon
70.82667260627488,109.35065891238149,70.02393475924877,18.729612760298696,59.550499662303345,7.137459655915209,146.0164924571811,muskmelon
65.2078931260782,112.37619385089508,72.98404668937859,16.991439175231854,55.074344852405424,8.47066497771229,140.09059342994988,muskmelon
68.18717899161115,103.48528698274615,77.37752403503141,18.409377779458374,55.71161603650473,7.073957725941862,146.8039996793374,muskmelon
71.02524392808448,112.19268254037092,65.8994362197793,20.272413069079683,56.384492660614534,7.131272623780126,150.24210705109405,muskmelon
64.93132459568065,103.80891461404941,68.97675555330815,18.37534168394624,55.475252294553805,6.819574736139102,153.8727851086284,muskmelon
65.34509518899006,115.65820389382448,74.17140767284117,19.183940744131895,57.89343756662594,8.242347668291682,145.99854919962348,muskmelon
63.36475259344069,109.96063056008218,59.66794574115137,18.052800844704343,58.005502219283244,7.431474762139349,160.6316486472096,muskmelon
70.45589737780162,108.4043775875934,69.99356423140972,19.728405387084866,54.83047986725012,7.431178513662285,155.90260481127578,muskmelon
70.00776437276011,121.21584668956997,70.80635618136574,16.3196800063351,59.5737696633867,8.22144636807687,147.46997906698002,muskmelon
74.02985100053026,119.50556865282375,68.80323920306441,17.920972167561054,52.790071749775706,7.8830669595268,155.61335820988677,muskmelon
70.03471640460194,99.40005476557324,68.36541653154629,16.832410603154642,51.51221498569255,6.989988585710511,134.37973694107993,muskmelon
66.73551947272637,110.43209316869923,74.52603905970797,18.44423726558892,54.8396722549572,7.620128077931135,154.20202715592205,muskmelon
66.25359493340078,107.9525116354405,70.38371550772322,17.86683749924826,57.333281066502835,7.097875174565034,158.62305089340992,muskmelon
60.9631002754917,110.65885978759238,65.69433472169146,20.18864448822096,60.282628818517324,7.241235862800633,144.78684917503935,muskmelon
62.774703992606774,107.19702192216931,73.55584007658024,21.379090531668524,52.376368450742305,8.207910649020803,143.56241745144382,muskmelon
68.62675895414407,113.42243101648346,74.13831482017271,18.944969411088575,56.50885136082286,7.619362098772693,150.32293205529635,muskmelon
72.47200995391668,97.82903662748167,69.55245827717171,17.04172277771418,53.80044834652594,7.247714534466351,159.0106301746641,muskmelon
76.40794048204843,116.57759564317197,66.48438695207473,18.5482076539843,53.19627873259124,7.832735779117845,160.59775033243778,muskmelon
69.92287973226149,113.35910577167594,71.07743876662988,16.219515784530607,50.20923099445345,7.576815934899921,154.19386445778068,muskmelon
72.76372532059986,105.26770558968046,72.0589555039367,18.75360709917731,60.95375405181445,7.590272469565534,138.8619229604134,muskmelon
71.97862746654205,110.30553225770966,73.41972238060312,17.01475834771967,57.1770590114897,6.815234889813574,130.49154795253025,muskmelon
66.48882749334578,104.69122551331165,74.23846171480088,20.102863529676817,57.08172749209035,8.463199372822928,143.51724293095648,muskmelon
70.64749900726709,99.17411201554845,72.28730862385048,18.10245383684146,56.46636472485365,7.8996812824884195,131.61310953471576,muskmelon
67.95643888851195,102.19345635631079,72.24578506704472,18.909267045128924,55.895144488848686,7.4481867295869515,138.33941248711193,muskmelon
69.75714728156966,103.11998551203712,73.68994077893849,16.841074923685,62.02189295080615,7.143557060666944,159.52323018342327,muskmelon
65.61303850760697,111.19159018464644,71.09412918877064,19.234412469585806,57.21932092378715,8.219065962840665,155.07307113109297,muskmelon
70.30591179316365,118.63474184839976,68.64884323711672,19.941493714786905,57.45512261462863,6.929171000147984,153.2974229152336,muskmelon
66.62831161179626,118.75247539896857,69.55909180593657,18.518448882506807,58.02893823464281,6.729161606943457,153.57254798527518,muskmelon
63.34769089004923,116.89817825441159,79.0827532713908,18.452983254336353,51.6233160644335,7.708412020297911,150.53058160874906,muskmelon
70.46777404241416,105.6177686447371,66.47520257022711,18.301099598934695,53.94501668444957,8.454417240854355,142.43542841047423,muskmelon
64.76844857217299,107.26939443261828,66.25524799252973,17.956351883502037,56.72796896871174,7.393999283140937,146.61367737263674,muskmelon
72.62939712237385,110.44935089020748,65.82680416754664,17.974736703900426,59.83021304953402,7.318100831884547,149.66523616706516,muskmelon
67.35663518650932,111.07660101669943,70.9393981160705,18.302269243131892,54.181922089017796,7.791834114636798,140.41682924780275,muskmelon
74.67028443409484,107.44631698178479,70.742241209335,19.357570072527622,56.905460462799304,7.664683387983771,148.43640268416894,muskmelon
64.46710734729841,101.48185048927189,68.64544714864056,19.74754804269804,54.997066353288446,7.433062123203997,144.8048122446217,muskmelon
70.37090950676735,120.68079230941095,67.65323829368697,19.08518311639969,57.624063402359155,7.481300453265005,153.54133266757327,muskmelon
62.2068065891919,113.08374409652473,72.70251660738623,17.33126608440371,62.806434731690224,8.021787236081508,159.55224642657544,muskmelon
61.44584082703138,105.78596510212883,69.42681951945586,19.17303648240873,61.964249668836224,6.7310951360893165,149.10278610282265,muskmelon
66.95465927740153,114.18106370667142,71.55093668013774,17.020771132625033,56.52154045005836,7.138318009709377,141.80725999535724,muskmelon
67.651381347498,104.40465647351914,72.95865346191846,16.743137731708472,65.35231105881468,8.213259723133675,155.4747334383025,muskmelon
62.12146676353681,93.33320192182325,67.92975299754485,18.19947590100869,65.03610834432115,8.234279529304565,144.11682570518735,muskmelon
72.47826993536842,115.65731383214484,71.79836195322802,19.841005539245018,58.36248398979948,7.316894576520131,138.18275079025054,muskmelon
66.96772017735613,114.16497964403597,65.76565123924078,16.637814713958484,59.133942375596696,6.352513316681209,165.5679779219127,muskmelon
65.65535112752352,112.4148004558196,79.9126771078669,16.81927231426727,53.51741687807409,8.671877958103178,146.31701541326342,muskmelon
66.94765774499275,109.07908609170205,76.38009357257722,19.964057600891014,57.58992204224718,7.466493762678043,148.58430085864057,muskmelon
68.73199027204748,116.22337941802516,72.3264137876642,20.524414524234377,54.1926939693939,7.872039944265061,164.9601523425813,muskmelon
72.80793148416194,109.77418725733924,67.84518086728356,17.655994934540654,56.655000942261296,7.768518295555292,146.6408624684699,muskmelon
61.44980994692528,102.70908387725059,74.00806930975274,19.40864952740564,52.293458391248315,7.4529637614332165,133.62613436067662,muskmelon
65.14271358843446,130.96087424067406,72.00981510427899,18.071559381153925,55.13846389481708,7.057374690173343,131.93727995382272,muskmelon
67.30227138518705,105.7563129271429,78.2316578654492,16.60935626290408,58.733012139085815,8.250625994224542,131.0350012486899,muskmelon
70.20010018013627,96.95007778039286,74.02847380131608,20.134301975145213,57.19109117346497,7.757538018764043,142.5804917703963,muskmelon
68.67445933073724,115.05296180618325,70.92550333605433,18.304885536068838,58.57446327217671,8.008254692732972,133.96783541469642,muskmelon
67.72551132778486,103.06057388909878,73.91642528779188,19.63703872133842,58.30063840705418,8.227682734832037,139.86706503488065,muskmelon
65.78655285120496,101.05027115416115,71.99290239416847,18.572086209016483,56.510721867838846,7.056441153752067,148.22248898824594,muskmelon
65.66831987005884,111.57575793803515,70.54542567843504,19.781528741658896,58.01924173122809,6.754494497896595,147.34179151534258,muskmelon
61.558945522580736,113.9801698467008,78.0473651639247,18.43348491195747,58.764531094379564,6.947217842727309,128.3679653225749,muskmelon
65.18142538419696,105.90073256094806,65.07075712337456,18.5671648823291,58.3069814279292,7.924918844124744,163.0962699617449,muskmelon
70.83722079922644,105.17056463001518,72.20020671541404,19.145785458100608,53.538915894554776,8.245309410411783,157.17736279343717,muskmelon
66.54894823676712,103.38326598967174,88.49574061797412,19.418443014077624,60.51515306372547,8.466312547823607,157.9157131772739,muskmelon
68.36149136747315,112.25100808079422,67.72325352390948,19.278133533215527,51.8113778226313,7.82358667561553,154.05818280818627,muskmelon
61.035504792429066,120.29664628467626,66.6884658036925,19.655363851679553,55.371724823951666,7.772570768415657,142.971170698267,muskmelon
77.84052750668152,114.45786320524353,79.74953688385246,19.36366051343174,59.69300243063941,7.69995865267189,146.86080232636175,muskmelon
70.05919388024827,108.74296664186775,71.13354035279387,16.920024364006046,56.18751308251369,7.914946041162033,144.77872773727273,muskmelon
68.99784288919174,106.76883101920919,67.27020179083812,17.4601840452616,54.67177278848856,7.497030720438044,146.71806485474357,muskmelon
72.20689505062865,100.54460708093131,62.810804110826275,19.266652203750198,55.68109984776733,7.578283894145892,172.48351162102261,muskmelon
73.65153034157562,111.639885875206,76.0147355494859,18.627170466480806,60.66770911121099,7.349023894374561,142.63289297585345,muskmelon
65.64804330784762,118.21334952597049,78.72073380003621,17.805433297813757,61.39071489065288,7.561793310633159,159.02693220954606,muskmelon
66.27857055292937,114.1062464787536,71.37128505512474,18.171213194560757,57.23444893546451,7.7121536610694745,143.87731300402444,muskmelon
61.926013622868,119.0141169128039,70.13643877045132,16.43410450391037,49.32824614690372,6.322905000118386,143.60437790622416,muskmelon
73.26562499029376,96.98500726083951,70.4623014689813,16.412128596534203,61.21587726931036,7.811470013704204,152.20663693763143,muskmelon
73.24285085105141,118.73287774304296,76.44745444582061,17.846122162629587,52.66190677256474,7.149968008548191,133.1661157031299,muskmelon
75.14797070806071,106.5685114403236,72.46913949403881,18.730035584107597,64.46512946561268,7.376749892619964,160.1395029174235,muskmelon
68.90404777282755,106.83092843776043,63.411281761628615,19.555208941626606,54.71800192627956,7.426011677849338,151.36082740000077,muskmelon
68.03951317374802,115.31230607212233,68.93962076002451,18.69634091913928,58.33149779113643,7.654759112604898,155.54766142268227,muskmelon
66.58870722439588,115.8613638718248,68.7688481426533,16.868883004739732,57.20633850772593,8.198709599595205,144.55540519073054,muskmelon
65.03353852651657,105.55664420156015,72.64436178697702,18.30988083680689,58.44920103586739,6.833617006372699,163.0845938981449,muskmelon
56.68826476494167,13.715310862692313,78.24356392578125,26.634501508279314,86.80341221666367,5.546706439633167,55.07023963632898,apple
58.56250808524338,15.497005445648705,73.53009545003204,29.504395134729403,92.78315224253764,5.39219605162524,58.890638965976564,apple
56.31567238313665,16.736618442083962,72.09450774936835,25.402704514664944,97.8468718361822,5.641774957570491,62.458097233930154,apple
63.79337309631242,14.531049638304797,75.691562381567,24.16906824627538,90.86814059204109,5.824645698582353,66.89359758943503,apple
52.1000479775172,16.514465180999316,78.38143914561724,26.93158333296006,100.0,5.621201905561005,59.15805296189549,apple
58.00861805585699,13.903159496344612,81.9597974928744,28.790184571593805,90.2990633775832,5.83372701449889,64.62061076160434,apple
63.26453131665426,15.109544291017905,68.82306574390603,23.73587967755615,90.8929628531772,5.077524234255099,61.88359681688295,apple
57.95358948228566,15.277248609058763,70.41723342624243,29.130714158958003,91.43584746795186,5.701285667202723,66.22027116050126,apple
51.9793011251199,14.81241213549573,86.27808199797526,26.872364034759638,86.6283555865885,5.532433866380762,60.33966707824793,apple
52.24215939665731,15.308906649742203,74.67417683348698,27.113122069137454,95.64355581836442,5.020249344700041,56.78431122090653,apple
59.27122276471657,15.27588747568196,80.37147724546367,27.644569393996623,84.53093573896611,5.806431832530448,58.650911327922536,apple
57.427634423476476,16.893855429272083,84.49903535873939,27.020435162726905,96.55339051091022,5.724634474210087,65.59761843880192,apple
47.64299805933146,15.328714547082852,76.1064735709686,27.920868200634416,88.27942518292342,5.906137161009634,66.80067600180527,apple
56.76712501719907,15.485328095826075,73.12717040572429,27.368794263614173,99.29752853589783,6.139359685761126,60.742339068818204,apple
53.28985445268161,14.939043699835231,79.29831070807413,27.507055524824867,94.27730581230712,5.787318339722118,63.998614182442495,apple
56.09850493744977,14.700398629863704,71.92996192102532,27.340135508601982,94.81080948345098,5.493128573213896,60.955328211335456,apple
61.27531711906589,15.2549934122003,75.78985209370022,26.607142682657287,87.69393811730971,5.0972614731676655,60.489905182778806,apple
53.67708611437783,16.522446527253802,69.5013528018009,26.450430492307074,96.29417110567552,5.581964161278301,64.45075166337197,apple
59.4185253202221,14.107779118294545,72.88227145891439,25.53993180097318,100.0,5.580309609223991,64.45482846954579,apple
62.402331863363216,15.363030938801083,75.1094067360419,27.81501216919204,91.06259961377023,6.052189990026881,65.67801152812487,apple
59.98579417370346,15.751239927753007,73.20142902930908,26.547811468322138,90.51090908817386,5.056817067658331,63.93484768956281,apple
59.32739675849148,15.694606285842951,72.50364178041626,27.196708751130412,93.84109258011338,5.732511474201923,69.40271918098117,apple
53.57102219333323,16.052116698822616,77.9050351771334,27.263353602730326,91.24324335448519,5.2695662390338445,60.28369326500115,apple
58.945817031761855,17.090728899615097,71.77540722272295,27.911341502274077,95.48920436253833,5.964387392689714,63.47240060005078,apple
58.03579239530865,16.555910376118543,69.47080764019728,27.209325177856993,82.64358630579628,4.947328675160302,59.41621463682328,apple
51.23440903730794,16.184465445031567,79.25733324598285,26.628842406240633,91.77802232010549,5.539865426402854,61.54547352207072,apple
56.97298385705615,16.034530460188225,72.657265608373,25.83767528638875,89.63423660053485,5.891540878085853,60.94304610861865,apple
61.46437711579439,15.470393779724503,80.92424182477126,25.17065386719996,88.66404118068147,5.781093377124014,64.37668675534829,apple
55.96867243975254,17.633215636150602,75.0655621011684,27.600277866473466,89.3596376634357,6.180191077490401,65.75924981774959,apple
57.90865600980913,14.148668244478799,76.37536926252535,26.362589456132934,94.7284736324368,5.927670764443857,59.70233943456763,apple
57.23850184457634,16.52891524013407,75.46796614810924,26.587189456892254,86.63063123057947,5.3918528976057,57.74240850271848,apple
59.855883611982534,15.795743796032918,69.26534356150368,27.114694611059498,85.34397605071284,4.5072627665048355,67.06244737010388,apple
60.47446684468961,14.304286904762824,71.50174911087554,27.457846073691552,90.39055306303845,5.328609039945379,60.58492765273615,apple
55.67352877019534,15.17392808564523,75.66859786553346,26.742645786684776,88.2874833074035,5.625290418296167,56.27185550428193,apple
61.38967911003293,14.054931978549728,74.34453450580754,27.671554769857472,94.81295822047595,5.704687416934073,67.24847849266726,apple
52.66893273936756,15.62821269783231,75.37043064046152,26.309315215953593,89.21022216779592,6.0500448669871645,59.831089008340406,apple
54.85755740744236,15.432453487211161,73.75486667384727,27.377584907549387,91.35046684110611,5.741596930922841,63.00475359942374,apple
58.09876084906586,16.978668600110495,70.92236391532474,29.79193547313021,90.00235446724294,5.83922291872836,63.092595752568556,apple
55.46767683149887,13.8471644261587,81.90035564981828,25.882068770564466,88.12355997320321,5.971927253864816,62.76933778142699,apple
62.88725224763282,17.26669490075501,77.8549614742689,27.516687830681523,96.69198165983315,5.172872263794999,63.12487006541766,apple
56.96032363680678,15.246099248796657,75.81985625105816,24.742525495349458,97.45482767706582,6.046035140355505,57.65065811774304,apple
56.949533649814164,17.134158202378504,76.54967171548,25.438188013366563,87.0196452001418,5.89981803209059,69.31023410336348,apple
52.802136937423086,15.72119436094577,71.22313524640671,26.644168201927982,94.16419648066419,5.5999306519541845,59.92180152937189,apple
63.53113865124702,15.537362608151067,73.86679327341541,28.893302601904022,92.52595758934001,5.545908032632684,66.00109802908814,apple
52.97656802826674,16.38316081249574,79.25084648941171,28.17012820053961,91.4744802357971,5.610832527122794,56.09197236324482,apple
56.01336164216631,15.954273156752931,78.52143477471077,27.3300659740049,90.31616356690593,5.333687880113714,62.299349307190255,apple
56.90036256510693,16.81125878611437,74.70871718849423,26.295073149314696,91.8633182531759,5.4522324332095415,61.59702791709274,apple
49.05364706343182,14.201032803145294,69.37529842219864,27.848870681308103,92.02071462219558,5.661964501502438,66.7727132192982,apple
52.955479320263876,16.746273256505653,76.36741784359877,25.9516002254244,100.0,5.138165389705816,58.290137455896016,apple
55.74738014476227,16.059253224907078,73.8152640310665,23.66852067028017,90.80826969002449,5.584660939803069,71.87914624928403,apple
61.036218066995986,15.796496116646473,69.83483645250615,27.646295803444456,86.05418890538341,5.679918145378465,63.815642195801246,apple
55.10104108618556,15.913468405788546,73.19868854713717,26.18053868775879,100.0,5.8054261938672935,61.32218116932396,apple
53.87602107070234,15.845821941147362,77.16034208288958,28.461425996460136,100.0,5.76543114102304,58.31900695094728,apple
63.21659562427475,16.75773454956737,78.32566547781691,29.238179920425388,84.28854569369402,5.4880959985666244,60.563296929559456,apple
60.407549348991886,14.585220476496108,73.22746279218903,29.526941306984543,95.96929422919082,5.483986582145526,69.39674858013677,apple
51.996002665584456,16.099508991300574,73.64198536252886,27.910594641969126,90.91581468423455,5.333998394574209,63.23476627526698,apple
52.03536445032241,16.170675413205323,73.23300118373214,28.56840922751075,89.97261126629196,5.388146874337026,63.91795395136282,apple
60.54405215679231,13.75793312587906,75.16471662889113,28.091946522673883,84.64956352754676,5.318758647779113,64.8140113834078,apple
53.66584938999954,15.085511578841452,82.21066988931513,25.57840971603274,87.69208464304317,4.843210978007153,58.396244354611795,apple
52.315599394330505,17.26500792796762,79.9980271486333,25.061856671245053,100.0,5.865716376413165,61.76885994785196,apple
59.1140948062128,16.02838003364038,71.25298501003543,24.269116416350148,87.4317260495986,5.608195754583985,61.11551131360401,apple
53.94807206547947,16.577681184312002,69.92718479704173,28.510831806785074,89.76098644556888,5.64590889073541,58.292731071978466,apple
56.38412755766271,14.948615473317002,66.92012871705437,27.051478242662174,92.10940804073864,5.8843738275621575,63.47372451678283,apple
53.02797703019214,15.104735919845362,63.656983002467086,25.287999465553067,99.47344782200973,6.111664273476468,65.23774066707598,apple
57.416179138878505,16.216881280482227,76.76072787970546,24.303139621087368,87.61396058376808,6.002166043732101,66.77842369704251,apple
57.206811317786304,15.384269226790458,72.91206656077486,26.208597364594944,87.31555051122446,4.969329375693336,62.968855459738194,apple
54.8937044240418,15.472671702745531,82.18136883522914,28.027755944846085,88.53700242382659,5.80145158531698,56.856262780326674,apple
59.91526610896022,15.915575764887807,73.75115918129202,27.99472406753045,100.0,5.454381457373667,58.76239789474945,apple
63.46958272012005,15.685328645673598,81.21483041499775,25.992993447552056,94.44662268837847,5.3952482191236335,64.76001587984447,apple
55.47542578261172,15.047680260926228,81.47137246787607,27.62265718617671,81.24550099705249,5.52992213555272,59.01376904996124,apple
52.31824641466897,15.12680168397003,72.48500264860546,27.129240758195298,88.01353687039168,4.987641335023873,60.422800312325904,apple
59.34272950661499,14.397268979137035,77.3405094574613,27.812998807965915,89.90122855320192,5.71090416408724,59.62576815764993,apple
55.0504451163266,14.71624872561598,76.6584130851648,29.281172400984296,88.62650867639165,6.007000038306144,54.473964222515455,apple
53.41723105681923,14.723272317349656,82.2394792145631,26.11892879281791,96.64398197467982,4.9225998114737095,62.82654054395625,apple
58.29081359265732,15.632485525671681,62.47278384170744,27.356908930844554,96.82068467738705,6.049133427411377,63.88432132542499,apple
50.70246702417914,15.47122396934354,78.6114059649845,25.74776694753346,95.46696465505578,5.446692987492234,62.74319927613943,apple
58.93945174027999,15.002974544056057,87.3541180046598,27.31617554082278,94.24253109051942,5.358379987915384,62.62987429310381,apple
55.480453328631064,14.298461359680177,67.74928591427226,27.534845189939528,91.86184383151016,4.723764987374755,54.38159721028553,apple
55.34190550617322,15.60151353700196,77.29980152383416,25.05969608741141,95.62249216711405,5.503403239646067,60.49863384994235,apple
55.90477910511891,16.591808145364674,77.07698867270014,28.513367135963435,88.53667067544525,5.511281275828623,58.04462752148209,apple
54.51154897800596,15.29330909087046,72.49957612071952,28.227588621241157,94.70155368300009,5.8621713342266215,62.87628628799318,apple
60.01209487627613,15.77280444578701,78.90401053605183,27.886426477862994,96.41936536304085,5.584254471457691,57.75895038875214,apple
51.49592369207983,17.505778066418117,76.31875214428223,27.789777430488233,91.42112235531837,5.45252866663158,73.14755576474985,apple
52.594942260609386,15.606957678980482,74.35342503648286,25.23260762821819,85.29950293395474,5.370233967048819,61.109191201522606,apple
54.74074696765318,16.430329987142397,69.30859449481449,27.72685715442817,100.0,5.907181607436558,58.13132184187135,apple
46.39238106642118,16.46049869093162,76.80603471081551,26.118317792218736,99.44173586083141,5.470693882023796,62.800417036495176,apple
52.87154470769768,15.965855591173687,72.65774040875277,26.25175752351596,98.32908885486896,5.678920828848956,56.79743810141922,apple
58.72303523096659,16.452280038068032,70.85916173362503,26.431264969350025,92.64404376135484,5.522890587745001,62.86009210928805,apple
58.582311989881234,15.203680250484735,83.89467879473581,25.91331991281118,89.35983319402116,6.269117661594546,71.32361025644461,apple
56.51081760302426,15.489926892548182,69.7819020122422,28.92564100311983,93.305281749895,5.322119338416982,63.91596506923692,apple
61.019992862380974,16.31050138028147,84.46469140511988,28.952943919306176,94.78700656521448,5.595757240864199,64.45581777771136,apple
60.501888221761234,16.47308955722853,79.30352525812377,27.43152440729205,96.5925270091308,6.015596205793019,61.77695229787927,apple
51.99878845580921,17.288487642662666,77.19357398676284,26.35550325309592,93.64295752362142,5.523677905324343,56.01295669371423,apple
55.7625224242071,14.327471827984514,75.49059183275317,26.892062231652837,98.62683174771445,5.566401303414422,63.79659000855213,apple
55.372979807532076,15.30891396201248,68.32983052394681,28.678179052507332,93.29179986239834,5.41071745020268,63.176403501378786,apple
54.98099771253205,14.98526849147817,75.69910903774137,29.043001446340295,90.85270449089118,5.127510731133234,60.09511071478683,apple
62.46411981463947,14.90348676590311,79.89927228681469,26.681393253206778,96.44706547614923,5.57106662893183,56.49105333275161,apple
54.990332664087546,17.651203582173334,73.99378137825488,27.986888676004288,90.4829759199445,5.562453733148977,63.603214676932154,apple
57.98782392792321,17.75239443219104,74.51587851409657,26.77805501471202,88.68122226139651,5.165370935014509,56.37395813741615,apple
58.63085940966138,13.917370502090048,80.88134545692955,28.466775895456326,90.71986474364341,5.219131502532708,62.50929118955843,apple
82.02442261812587,122.53056622927392,150.50996655187762,27.085779194398416,53.28735566208574,7.452695225337118,305.08676511864985,orange
93.59788829806814,151.21182457369463,155.77879826985685,26.58863801104682,57.25266649468937,6.127119480968223,269.7718739986391,orange
89.99002200428488,147.79951906880845,151.28100761583326,28.74327264356433,49.05009322088529,6.065907132469818,280.56556877192946,orange
92.35654218478001,126.48420740721551,148.7354785044897,26.151712497185066,53.184080061192894,6.7276228744739575,280.6167201841867,orange
94.1270393982991,132.0296362752857,161.37702887128313,26.462715888695993,46.264540213702276,6.270730630432455,280.17149843225513,orange
91.93568116474609,144.53637240233473,141.00636558637828,27.098235170771172,51.473469782818604,6.169173158389816,280.8230543492682,orange
89.20294135963073,126.71542241622784,167.44655385873585,25.174132964607434,53.30168611969203,6.384807186098578,261.1028496306312,orange
86.59961172308424,129.91848727919503,148.9321456582334,27.905246646260675,44.654793561199874,7.034233844864897,290.56240226783433,orange
99.06139264750995,127.92505786124742,135.10646503454103,26.435932512630508,49.78373875853001,6.666809510661576,268.12261790135994,orange
90.99718111563195,137.15902120889018,142.3494524772672,30.437960470192742,46.90810172934682,6.651433683354261,294.6322725590554,orange
87.17300069004673,135.97695580202512,172.28815116440364,27.003447076885756,53.44786033367882,6.663059219543603,280.5562973270411,orange
95.40730732599688,134.07763137296806,154.97351552792594,29.052710331718497,51.08931972514012,6.744700579801599,256.9535912720538,orange
91.57250761857753,145.85770910749926,165.4215299752299,28.038757863487604,48.746952586885826,6.309726068410894,284.0908664628672,orange
99.26787517449225,136.34254364177178,169.2450854981126,26.981935754418576,53.930757239687914,6.158413473569661,279.93958945761545,orange
85.64605092626543,141.37308840589,162.3698329223879,25.913299337212482,48.06822126144633,6.376966198115527,252.1611569063283,orange
86.42170935978993,128.95651099829556,164.33621820585262,29.752384989742513,48.97399618364222,6.437792715852974,280.38619532270934,orange
88.63818404298226,133.73194027420135,164.85442105200036,27.854405668447882,50.05587694237753,6.326109858668365,301.22975250782696,orange
88.13371195724368,136.9842364138014,147.27563804822054,26.49755222394566,50.596277583726305,6.395837909218231,285.6827537993754,orange
91.86822951560713,124.73497052548673,135.28717364941156,29.112727157842567,48.55262867200699,7.130801901084805,277.0698237707311,orange
87.30652353904838,140.5353549730291,154.42762047868462,27.495045040509726,47.51027028154682,6.800598804504501,294.97947342268895,orange
88.61269844178112,150.5104122765152,151.62474297468566,27.88375912091515,45.38097683475628,5.795857304783262,311.65336354700133,orange
99.29106210335249,145.3318772102343,141.01257630670423,27.84496518670366,51.57111024098122,6.581127336573606,281.74308151909315,orange
86.45313767233681,134.67628091652674,146.25148858558399,26.897432959051436,51.424239481126904,6.24293974060582,272.2076632113804,orange
89.12053543152916,136.09559727029804,165.6052480401905,27.85927527196782,51.492098330931185,5.984547631419639,270.77068132454406,orange
95.95665942500472,128.95697417157936,152.87286958699718,25.874885832194952,54.317418880945304,6.371574403791054,264.6804609579674,orange
94.8532647668607,144.90951265315152,161.58104125551037,29.08221796535002,50.93231705502579,6.498002465304806,269.44896944642926,orange
88.68062083196926,131.08836162217463,160.3821098688512,27.279489955210416,50.55506212957263,6.7855452526540905,275.83185030860915,orange
83.95711130784635,129.49763831968727,146.39904416852647,24.32746761516691,50.60474709169497,6.077575700608742,255.45436360328392,orange
85.55353365284218,143.04190931006337,153.98522421271113,29.10598490716043,50.016121536344095,6.376365862906063,286.06694565428785,orange
94.7169444209444,136.86135653783765,147.1523965543367,26.70871942020661,46.72419659238395,6.445699885848856,278.2292724948848,orange
99.56706405857719,147.42058725095976,163.25132803896435,29.028891981203518,50.97372334089496,7.633822645989847,301.98708836376966,orange
105.93508343541276,139.01213916621123,160.75729447137456,29.18870664952269,50.84508860070307,6.667953093810071,260.2690022241982,orange
96.5812838243797,136.9993105854197,164.4754297432976,27.091658922671606,44.91955897443424,6.7422882286222725,295.94728446304674,orange
84.40699625278786,127.97783322503322,154.022637989912,27.04624436144465,45.144787168231545,7.234471655104264,293.37763004425426,orange
88.03940089252025,121.11396145303351,160.2565421011913,30.718554713661806,52.76527551233741,6.9981216386249425,260.9766641574902,orange
92.68998481992884,123.64942893927527,175.45926657773978,28.388902028197386,43.91740951213279,5.819150069586082,284.54688704678153,orange
92.16754760779396,133.3378140434536,162.6308613336287,30.756441151665594,51.3687479568425,5.836204656351287,273.9407842485774,orange
84.21783718957333,129.3095707883713,159.88968413271036,27.166948552541868,47.047752621592224,6.532893156351496,262.98218922442055,orange
94.29258664675324,133.8547900130793,160.46431667225394,27.000140863801246,52.50310547487055,6.4885899610247355,276.2588882504588,orange
88.27165663076515,136.96617185797902,140.07379765824248,31.82828959787059,48.186045543409634,6.579848197575497,268.56001441448694,orange
88.68191252623193,139.06803057013988,151.93296445522296,26.72754745382408,46.075992385379834,6.177461251335481,256.9906232526096,orange
101.22783851232107,124.89676254696171,146.62021506673398,27.74697970033731,54.532901400755435,5.874405070420423,250.66283966295475,orange
92.02112704295332,138.5068959625941,143.38354219995318,24.46001271629462,47.321800043312436,6.831995326132608,275.6090737941065,orange
95.41081884491311,134.8660726568515,156.3704710754272,28.43340572496297,49.85586528229777,6.630350219740369,261.16179228431326,orange
88.02182056901228,139.54150513356353,154.405386529904,26.18829713181287,52.191247862651075,6.751681599320759,276.14490457795347,orange
87.14204910969903,143.02147362042402,180.14620582423876,26.063377209164408,45.55568455192932,6.230391279991421,260.7544594306329,orange
84.36172743957385,126.05692126498533,164.61136439172006,28.82994171101314,54.66361928744597,6.8289798845968495,268.28839815670506,orange
97.2354140266675,130.6989065981513,153.35075835094744,25.479879435487582,53.89321398028132,6.931957709255823,268.4908721688689,orange
89.57395477435443,135.95757267543004,158.4929833456687,28.79968469913363,50.388507463012544,6.691761588852718,251.26280583285268,orange
89.6145181245942,121.04002592675573,173.36030414847366,29.703356632765967,52.34138307282342,6.970052325888846,309.3792550689499,orange
96.40992551368127,122.66443333106042,154.62797324608243,23.526567699362033,47.72219543330162,6.044711351991463,275.9530496484345,orange
93.38265175876387,128.05908466186713,153.88446886001302,27.85908634713186,49.69713788861422,6.461962079831617,236.16002403205056,orange
88.81413539659309,142.0606253893136,158.95345368277648,24.95344327622329,49.34116699388724,6.635692747909136,259.85360609385367,orange
94.9202798512257,129.05502265972854,153.39367396848067,27.212763414124094,56.872894000880706,6.404703254714038,266.5158942344627,orange
95.14063184003058,131.73756488437488,158.31664883480056,23.679254795875384,51.05465757937179,6.5227113336665274,254.5707325804537,orange
98.6524872856292,133.62883020379704,154.64924770591253,25.22583217194979,45.25248611080784,6.306979167951069,250.70246112523773,orange
93.89732330976109,142.65176910459382,150.51245378886932,24.7384666524301,48.96348411486694,6.1133871739019785,278.72254534778114,orange
92.18816204286132,132.08369125671845,157.16456515090633,29.100365327763,55.285875360335076,6.324357290357841,287.9195231618191,orange
89.89165266089232,126.92914940633057,168.52456004644458,28.03112608625883,50.56837209444719,6.668040783838146,273.2181819445873,orange
85.41508220647708,150.01397319162035,164.91933780636683,27.816695043709096,53.053588265592744,7.0333589831978225,272.59113064266995,orange
94.40645194216079,132.89271311146013,162.51557351441443,26.963805604266508,57.482055917709125,6.388198654034762,284.4603857217537,orange
93.72556958703514,132.805911316437,165.25927422686905,27.2447344631714,48.898489089343805,6.52896108005999,263.4401231348024,orange
97.74735042039366,140.62996615436148,165.6887771984415,25.15724364870805,50.957131443953735,6.226463722177253,277.33181412334073,orange
98.17164477378337,137.6282315951735,154.7955441561591,29.22678445560619,53.189022236150564,7.254134591928637,245.0225400954819,orange
92.98042785839895,132.13960764222713,148.22030386594346,27.572051455289696,46.63498913079995,5.651383453293166,260.92540592988735,orange
89.75277293904341,150.7510715283275,149.66136027399966,25.457735019224383,44.17733169666036,6.390373305874579,271.91842058415995,orange
91.99898240079877,123.74760896266962,149.2785358399056,23.648168301700604,50.64829308015742,5.912241008925741,230.32065518001514,orange
97.5499552408943,139.65500737763293,159.75725548933903,27.960052117855213,47.01930984018193,6.950114904999254,258.5125300486586,orange
101.67194169139059,137.38029190619272,139.09792334056607,28.814384371520646,56.09376723720116,6.42873293379936,293.6111694376411,orange
90.02752087332985,130.4249356608815,132.16369741297007,29.42064890092051,48.802215996317145,6.6781930851741285,257.1107661249673,orange
86.20980667718615,144.65979157452347,152.83066043468685,26.724792163365514,46.344960621012085,6.611767082547398,288.8698851965529,orange
88.67269039150695,134.0280493337437,144.9835889670628,29.699027721010054,48.284139417295606,6.468667196896128,303.9423755642513,orange
89.96287897041218,122.89872598677084,147.76114508255634,26.79815002644657,55.5429389261549,6.618579324845915,272.2566968152526,orange
95.77795727321795,146.25121097555672,149.35599948559795,29.76367413113935,52.763392302041844,6.708629192089615,236.6339236752189,orange
92.31522764858285,147.0250966209096,153.95344850841164,31.221282985315806,50.3960842227025,6.131480684996188,285.98573732600556,orange
92.87152703797476,142.46299739308867,154.4627489067209,29.56180200753096,48.49419992307545,6.58576945912024,255.3020253171459,orange
86.8473095890192,137.32114853237363,150.36431587069282,26.660831305678645,49.559021354446145,6.6346191379597,288.97879921046393,orange
95.51922410380095,144.08130475085673,158.55011887345532,26.504665417698448,45.36744218297044,6.397435500244422,262.8589573400268,orange
81.23003898505779,149.24123748979056,139.14224507212464,28.004014732546814,51.88817268573146,6.44266891643539,319.58315867742135,orange
91.40259936731758,129.3737464968289,173.37772871229973,26.08102747484128,45.81989591834427,6.136512083294424,265.4366655192832,orange
91.54255369141899,138.47389964773123,142.1383464098869,27.99717221480907,57.01705035131927,6.251838937290599,274.00205303737596,orange
95.15454323659563,145.64242427706782,150.26052562481715,25.807581620906863,47.114819583601665,6.97233140968255,291.363057471043,orange
79.25264232413407,118.0056077155883,144.82113513666962,24.90793553204741,51.45062147870254,6.623421164094677,309.20333835948395,orange
95.70980672961673,136.70090794341834,167.89951680023762,25.923032451551837,45.921742759210915,6.549107819157603,292.03639241323464,orange
82.27721101565976,143.09646067256656,164.8401508962924,26.576862798877073,50.71763697237679,6.426864343601459,277.59159764814024,orange
95.7884302869786,129.0436803713011,166.5691292512972,28.870010213591474,52.9784870548086,5.750501747186544,244.84306061560392,orange
95.14696052906382,130.83846325857115,150.03010003401428,26.13525809617732,46.08752412014137,6.421571478565185,264.03949606367814,orange
87.63722899597832,139.65535414521548,145.3263931589512,29.295453997630478,43.38660303378699,7.536313924129255,253.2767207714465,orange
94.53873479434455,143.25195211000513,156.58846049883732,28.659527005652322,49.865593370446916,5.832292812775587,282.0295615644992,orange
97.67046517078994,131.11338453487127,140.37525129167952,26.40370168334397,51.19453312418961,6.656342388327948,294.87189862412157,orange
94.40058605092726,139.89364281778708,137.44948108652142,31.14873416064337,50.34834915453444,6.880709610107196,270.36191065331303,orange
90.44165463467644,136.18590390505216,171.7282835807492,29.958842900161173,52.10021649636545,7.330598867377115,269.56713508660965,orange
94.19620416033979,131.92352879186518,169.07923202052984,27.48082960212134,53.21806186072756,7.227731666508624,241.22387745188956,orange
103.46076062189572,138.38802143650702,153.6224523906229,24.20382492753495,49.287054219572276,5.61678851469536,277.8326163374757,orange
90.37855116185153,150.93683738448576,153.56111605932983,29.232122289767272,53.8182917424268,7.367512763702598,272.1698830973422,orange
95.6097523366127,123.10494015044631,146.05270718930868,26.97066640471159,50.15929108033808,6.052100594981902,269.40429172994476,orange
95.28843920341708,131.97999682672375,155.2545055453531,25.93357005165642,54.50510204574752,7.256711902784145,279.92721466402696,orange
90.72297037989709,149.71288077579956,161.38037012685677,26.307767767082996,46.07512511370624,6.304676456777576,313.80541546154956,orange
88.03988430932702,159.96417402034143,156.75874632527623,27.07534464258751,54.33891212375675,6.443632535026333,282.94198206771586,orange
85.53429522540725,125.42475647450225,149.6698366268598,27.818565434773795,48.195809497529446,5.75201023704987,284.6196118740494,orange
8.124038906933782,8.57816788486084,160.88874979537667,23.377737790521717,93.48555715527958,6.204714362436251,147.23966924045195,papaya
7.276884690935039,8.243288758303626,162.6129128873898,24.36531545697678,92.91719318385591,6.372523797496346,143.9386521694667,papaya
7.892600773976584,8.042807479645848,153.30018214309206,22.004895436791642,90.86271355997057,6.070803834737575,153.27733422511545,papaya
7.441963505867063,7.764645166889438,153.95079891880584,25.223471114058583,92.36208381713715,5.695873376493422,148.6604880791541,papaya
6.874828996891132,8.079102354331711,158.50727529321003,23.17389613232026,85.24550136851877,6.232209544507342,156.90795564319905,papaya
6.873604240939039,8.080912600746412,165.2394036325421,26.61435082587495,89.4143971996069,5.5341321660488045,142.1469049762475,papaya
8.410989439366952,8.056106237581616,161.52087811033945,25.920076665231758,79.70882183273683,5.093736931790191,150.12618905733925,papaya
7.840461753964867,7.33763572863161,163.99609871412454,23.42726299106056,92.99489207297488,5.586447218433925,138.2246093692522,papaya
7.080010894288309,8.047138118654686,156.67445868516876,25.78722634039706,95.31464287676344,5.308246650896086,145.82691771484676,papaya
8.14326843177998,8.160945521941622,169.55622426105876,23.319172380696283,95.74752325110848,5.539247496940726,149.07038481072146,papaya
6.8490947085159455,8.659789530523199,144.1374626077434,20.32711319002629,94.76424472647847,5.814969001217009,143.18744358135504,papaya
7.680777069843085,8.008575051484591,150.28216533579644,23.67198087297795,93.73135319503571,6.055548968679893,159.56974813223496,papaya
7.145435709869418,8.055166457766171,164.41091569003555,22.72563342841359,85.00189856596032,5.672169129426275,151.50375332952518,papaya
7.35980685040843,8.324102265091836,151.75463072562434,24.009870593406433,87.95411968667312,5.572710040334489,143.17395699040952,papaya
7.507875888030794,8.749491896116485,143.04752536697012,24.10031694810809,100.0,6.369943988203839,138.83195241719162,papaya
7.170017396147989,7.777701669149176,161.87871013352094,23.640732854320007,93.74362708357336,6.093893188142342,132.82797807368726,papaya
6.9643768183562065,7.416483147062345,145.80801341659335,23.225703074298217,93.52817027474153,6.793295565713617,146.8586204599061,papaya
7.491753430433919,8.72263442896588,151.7535826208137,23.856685056055767,97.26907404670024,6.161876115467753,145.7251989192754,papaya
7.323273597568531,7.409049079582004,157.43718085242904,22.51210644597889,95.65999458423339,5.828079727793159,147.1054371395104,papaya
6.742891998301496,8.50234221544718,150.60001180595668,21.12231734049099,83.99911910011788,5.650270315314403,152.0197341756501,papaya
7.812316279449119,7.442891020579053,159.78264759483372,23.217481371366816,82.91843863870612,5.519155813263627,124.36971654417886,papaya
7.0834365454177535,6.714242726266126,151.1605627587087,22.02291420067097,87.27115239250428,5.579777308559989,152.30214884618306,papaya
7.323600263501951,8.141020878551428,166.31271635975418,24.66229209984474,95.60725918108561,5.677338220997827,132.5997063764455,papaya
7.125885577809907,7.789029228861225,158.98436994393558,23.2451155282683,97.9496355443128,5.840139079815698,157.85097562170947,papaya
7.95742749047111,7.7844670452754,167.33765236997846,19.241727190450547,99.53394699613854,6.025940447384914,145.65832135939846,papaya
6.709979352585098,9.2636729159249,156.45157227095,23.162629553654217,98.11135347925588,5.807371654420381,134.76253503373533,papaya
7.786362732835841,7.522654812351061,166.1811383905709,23.56557580885944,98.11717643232329,5.440433980169823,153.0588545993111,papaya
7.618747510424764,8.99390990397023,152.58053997991445,26.031302976065884,95.73158633713712,6.161936686396313,135.8422416889416,papaya
7.740189806765308,8.351767487107564,150.83118679788447,21.70901666633478,87.41556363652828,6.404768350287057,143.55639330570307,papaya
7.91403808473442,8.164245110131434,160.0697424521449,23.68673967070436,89.4559093577056,6.317677824235241,143.70033044533957,papaya
7.587098010219366,7.340676128531124,161.9479266538269,22.400217637250766,88.94780921593416,6.251146473200153,132.66204750111723,papaya
7.392003930908401,8.33136530202391,170.16582052147965,22.62500746813793,93.56689256152313,5.980355077171708,132.34206148980903,papaya
6.501356579333916,7.073334746722795,164.78108809134318,23.51474977474504,84.224082930472,5.646539371355547,138.69972303794628,papaya
7.319363407236124,8.006904224522355,180.44404537409793,22.24710333961742,92.57228146011384,5.59963881299527,136.70409208095694,papaya
7.079550424201877,7.908318814448561,153.54200709709502,23.86790256586252,92.96308603456272,5.555290405150097,158.90258797069436,papaya
6.946954439615797,8.196552786962577,180.06136869630996,22.34551110846914,99.22480289102766,6.388616589074399,145.13603772594203,papaya
6.635445484291515,8.720160269036919,159.82965014164222,22.58370469874316,98.94486750198551,5.615972943558221,151.4649149483455,papaya
7.23196779760837,8.285209600428837,148.44156980036348,22.800002357407955,86.61372275089177,5.62066374912803,143.81185781583156,papaya
7.405068978866624,8.114126623773947,171.42420503869064,23.20305102470052,81.30326404814947,5.773322597412208,142.8816881914125,papaya
7.950670075494328,8.529849547068109,168.18470250352468,23.041398212796217,95.39439700942683,5.357557442982993,153.44759787153924,papaya
7.684519273667781,8.27128358831976,155.23622305000367,23.447249511724443,88.00421210492475,6.081157315614856,130.61070436982982,papaya
7.92910994386777,8.289064045864412,178.65455473394545,23.3122334687753,91.24338114563658,5.946840607001882,142.50649347904044,papaya
7.434438113882189,7.479608807937382,148.16226171389607,22.55631766609291,90.13241582917958,5.449823622920853,132.07026458699517,papaya
7.353492821991028,8.386282901133018,157.0732436382218,24.338935486495465,97.23468873814005,6.153938763302709,138.51727273598627,papaya
7.298202035598909,7.1053344179707105,152.27923559094162,24.03833670113146,85.65264181564824,6.364836721061023,154.681465248658,papaya
7.314625269208487,8.475295690807668,145.13119469557108,21.866611182523283,89.67517692974842,5.8805026684061605,140.5705653665607,papaya
7.088442751490224,8.988371850496412,161.77146181710236,23.778510846525602,95.59912351828939,5.940586437499904,140.17638797722216,papaya
7.228651593919199,7.2172439377424915,173.48759072784668,22.049787701932672,82.41826061986663,5.586509130446565,128.23461545166626,papaya
8.398133638498175,8.201501828487153,172.65353809453453,25.450340320623326,94.96615819380223,6.083623577210844,135.89651744729406,papaya
7.445297156688053,7.725199680886916,159.35222071528412,22.367326019033207,98.89006839464486,6.1525715644560535,141.2644848213358,papaya
6.717922845687892,8.358488558990635,167.54465600194123,23.27074969161584,84.68338454256518,6.033094038823027,151.33807344198505,papaya
6.6053679850565,8.300243211673516,141.26922975907675,23.48139454917246,100.0,5.9104168646583055,146.37091052625922,papaya
7.336605794965521,8.018757304920747,181.7976386863899,25.276131973595515,90.00501808404134,5.740390384721161,142.34947558130733,papaya
8.488707128946542,8.124579185023144,169.75621821364084,22.847960603700926,84.6252592178506,6.353445817629069,141.52738811938093,papaya
7.125039646845574,7.68223174910174,152.41337287908883,22.501315354233753,83.12823199657274,6.309036804849431,145.5143093378408,papaya
7.930014276186634,7.8533295387235595,162.30655036053724,23.607084138107677,98.35658560054104,6.170058486075506,145.30651394945812,papaya
7.187036433322579,7.433336172700503,151.17230371003842,22.463875638004772,88.75007249452399,5.4336047230148825,156.60833777788073,papaya
7.607179554572059,7.034575750158992,148.34142688333432,21.45682705053431,93.10592734319344,6.259928405005658,133.63360231273404,papaya
7.766564333464361,7.886841414918327,170.0790212489004,25.314674268841745,93.51052718475935,6.134769211475306,142.16497035148132,papaya
7.313482849085075,7.453426416905794,162.1042269705791,23.268495007631422,89.6232867323715,5.850088816078375,140.58549352541957,papaya
7.010767560204766,7.764123502000369,169.99049439026828,23.036905609454568,99.56802074989449,5.464718910257423,130.47222973372317,papaya
7.541925867846984,8.400765979274118,152.59130468646447,24.25717864508831,96.98007119861379,6.261036196959165,141.23151901089685,papaya
7.460506064588927,7.216838786329018,159.15898323199968,23.767290274258386,99.65190544921924,5.423204370189173,134.8762514599892,papaya
7.028440319754669,8.459963225125911,134.51064673310634,21.831759206603525,100.0,6.111784993181029,130.71476023024388,papaya
7.456671083840075,8.4343277359168,164.25047461963945,23.05444022811438,87.35574176927955,6.174303824932016,142.13653021548532,papaya
7.8516604431777814,8.21550864400532,154.43640635051096,25.412313349363583,88.99345624040818,6.031042348901675,136.73582944865925,papaya
7.379380263274801,7.9005867754059995,152.56501684814202,23.705461276283184,99.05886451908809,6.539809557726906,154.56421432228123,papaya
7.405777474057059,8.730384558855432,162.9724606332848,25.912835303331104,84.76970582332213,6.405151554105588,137.03762246982504,papaya
8.008418080689264,7.795733086533733,167.71993016850624,22.970355644797056,81.3289186790323,5.53311280688707,140.11861361944204,papaya
7.494876711311916,6.935199624124478,147.41607282527463,22.33485113754428,90.59547360064367,5.955922851011495,135.13223785939988,papaya
6.797193186885194,8.168865225032503,155.74707057471082,24.623566991701196,88.8526151107318,6.106692058465086,134.53617698782284,papaya
7.605270446825471,8.065828548421715,163.2589074646967,22.049602866036928,91.09539806671384,5.576091309610011,140.8124441598459,papaya
7.765374526656507,9.469081265357417,159.2759711997752,24.3785052688322,92.3992208303842,6.28035247184637,146.1670368012467,papaya
7.956652371658748,8.194727080943393,181.98549096630117,25.314166668738373,82.34287836919961,5.984333418282246,142.87701688661753,papaya
6.488300677941401,7.6060833074641865,154.54058736480144,22.33581939759557,92.50136731392473,5.241963752762572,148.62083176931725,papaya
7.835048535144229,8.19437694812425,155.80763013524438,23.380325248855918,89.2164748189517,6.284747714696099,146.56193663893572,papaya
8.385414811401027,7.84638223313659,172.88355267074692,22.563123640294176,90.8528463943298,5.5093621011649665,146.72316513722473,papaya
7.459420920430035,8.324935647911945,173.26570359405605,23.29752180117757,93.90330140530938,6.197905397436181,141.73650786879708,papaya
7.23975947845253,8.197686475962136,163.81475679764537,24.475302982771947,96.40492805999877,5.64302585128978,146.05524609470083,papaya
8.0416456820683,7.801083008516042,162.4735252395677,22.5069128417249,92.73033714121476,6.494157737442576,143.731912170283,papaya
7.051933021264744,8.192257017953212,161.0658266831466,24.94764772894073,84.23013772536532,5.555897195279152,141.5855788078357,papaya
6.787580542351215,8.574030733336791,139.64115331088723,22.211047965702562,83.65481801691676,5.64813824807964,149.10804220890034,papaya
7.758478611283486,8.472702029315174,164.77771885510003,20.521593183700546,93.47613981739794,5.227398578780838,137.95133158159416,papaya
7.310591454695873,7.763266457575889,163.71047575323877,22.241644798130373,100.0,6.09159849018183,152.3571230017259,papaya
7.828843104187383,8.456738215846624,158.60711944980437,26.14019407984196,86.00396396999113,6.043341062028963,142.29476257359175,papaya
7.386851817336381,8.179496215460256,151.85000145204458,24.601331650888852,96.1487756227689,5.914846627471484,148.57027857183726,papaya
7.02016224583096,7.1535552349191,153.47290515510412,23.04757911990801,100.0,5.799755152339024,151.08887637665697,papaya
7.86825664096639,9.04389575454492,160.13366381706945,24.29919441338902,90.75002194057024,5.574966254312916,133.67823980754943,papaya
7.1352167137649145,8.715249198414448,161.7497504676064,23.164772215513995,91.91647115835818,5.681253031342719,141.98095973842285,papaya
7.469875488616228,8.340697363453431,167.72956084241187,21.084315946720377,93.10112591456266,6.366433650877777,133.5464613985867,papaya
7.375561530234067,8.107904975028866,169.54106005462583,24.21958532339561,90.61466805213264,6.0575309031452,151.1326938281647,papaya
7.663869058942518,8.922629323856622,163.0728848031396,21.90832210655237,87.50424393577707,5.833674486920906,140.5123429574993,papaya
7.767976528500065,8.197915954468629,175.41579034301196,24.523286525308876,100.0,5.6120668771301885,138.64218216627117,papaya
7.797120270982584,8.072369583188634,165.04820713520755,23.738090138576926,88.4218136487563,6.483465346182095,152.05959370292678,papaya
6.791604975294999,7.7317450327669315,159.29332876963153,24.34267200727422,91.45532435691777,5.402097075130214,149.41659214197588,papaya
7.397743902519172,8.609032942538594,161.9797825594748,24.796607315956948,96.46485885164557,6.19498436544673,138.00137533695406,papaya
7.9539431252425885,8.128976381968032,147.22067237131108,22.84171581613794,90.01730584173893,6.049545411422121,148.20173795897705,papaya
6.992476543971403,8.380589045972718,158.5146680675133,21.917942055543495,96.47157072012274,5.616774363426438,132.2081287334899,papaya
7.83316275266522,8.465301833113982,152.8691546043756,24.88066719442998,97.40946862787402,5.703059715707616,159.41413870045994,papaya
7.468493172594959,8.142044441558767,136.4539642303407,24.29351482385526,88.50422852934462,6.04148816597899,127.8439488356797,papaya
67.17976550079428,53.37136063857072,83.90473651648402,26.76697348863578,83.09026494249214,7.4435209889913825,257.380623483578,coconut
68.6026256061267,56.520844819719365,81.8437953263992,25.88537426159184,87.5999598914263,7.137160469103908,247.80345014447218,coconut
75.01516582863505,53.986411431452325,80.02827994054341,29.51316734629403,85.06033226491701,7.232719309942399,237.67962151994254,coconut
73.17353209346375,56.11704411710191,79.04263491270385,27.874370182494214,86.34725642241236,7.463002101081464,231.46636057771568,coconut
71.50897012971541,55.31488147030225,80.9859994182712,26.697246893173045,78.48199168823672,7.624826294175743,245.41301083054336,coconut
70.06736561310876,56.72155040943697,79.25212107007155,31.278708750193076,83.6194244942597,8.242347534948859,268.25165540947364,coconut
81.06182070348444,53.79777954257495,77.08624716357141,30.422310562051877,79.72671564896098,7.278278918211178,256.1336018215654,coconut
72.00910914978613,49.292070205770564,78.70436432556326,27.723520658116797,82.16741610237075,7.567579521372696,249.6979495068502,coconut
74.96163208394917,55.36632853990799,76.70935902493702,28.387525526960395,87.4261532403564,7.842835721511915,271.7053384865077,coconut
69.93273075732557,54.27881963117136,86.8793410212153,28.21118508316579,90.59746722880111,7.872272139283604,246.39154297264204,coconut
64.69115821133859,55.88823663850638,74.39849425512769,27.09610925902982,73.9589188609511,8.026340183081752,254.42146272848657,coconut
70.66239937749069,55.13171410503085,78.77753709404908,28.44912345384183,84.94861923893605,7.3780158649835625,214.25727494166978,coconut
73.65228009755135,55.236496028004424,77.77551019018206,30.954426095736025,75.62098765132224,6.215434920707507,275.23421653756907,coconut
72.30266853935522,48.64045793161649,75.79647928741383,29.33112204378345,76.5132730921174,7.747646755447082,284.6694159602413,coconut
76.37928438352013,53.78412696991331,79.15698745052111,26.705194654360145,83.08127550000096,7.353657702442685,238.06223757370236,coconut
64.96065103838502,60.040645666389985,78.06756154386635,26.581166132181718,80.37901582004567,8.161510650053081,277.21203203111935,coconut
68.00189465802906,54.50497802884591,81.76603846152082,27.712350771427626,76.69665942369959,7.067849409476324,253.09691780028348,coconut
67.34180000506159,49.74647645522675,76.58105440202988,29.852033681748317,85.7603786964922,7.398923496885237,281.4890371905367,coconut
67.28135390079541,53.6357218654184,71.3835804738036,29.592322564986937,81.81309442711282,6.753100763886477,240.50632356444126,coconut
78.060948177186,56.17434794733842,78.16282867600187,29.73398172013414,74.61880146341639,7.131770078474526,233.01960206432483,coconut
67.09234136705,52.64412525963393,80.07674776220594,29.969082880961498,87.17938922815485,8.690013621474817,245.4520448679496,coconut
70.46031064727553,55.47910434676521,73.82683483688601,27.798266556029294,84.38696911471075,7.105183753273089,259.850845854286,coconut
75.64786936168102,50.29336028116961,67.1225142433025,28.414685442937937,77.3018887392469,7.5727653557394605,246.03844065107947,coconut
71.78831712743835,57.449968286385975,81.36659546042807,27.67072063343241,76.65864993909364,6.391428450270977,220.15548897601525,coconut
67.17340009009146,54.127997574423745,74.46140880243661,27.25374975433833,74.50685354028013,6.755373091934608,226.64304289089597,coconut
73.01791915933828,47.44351753391725,80.58954089264058,26.704895973980214,84.81347637552803,7.584070339329794,263.4057523556432,coconut
75.28877600173747,51.18356443277856,72.90305886779248,27.442784582355625,78.30932980389889,7.7609779375347445,250.067353304578,coconut
70.25267702867261,54.9442425385693,75.10273646518485,29.987587727301563,73.02018652180936,7.564676063935413,259.0560398189472,coconut
66.97163518585535,51.36855650236426,81.39172520930012,27.596834364541557,72.57083844337834,6.8573957052018875,266.56446356095046,coconut
66.46783449815693,57.746447646731895,83.51132218473532,27.785330535181693,84.59090593213982,7.087601401463331,245.34880002142341,coconut
67.21183232637361,55.4305126851808,71.27737907837093,27.895724743969385,82.15991849395931,7.6836912275795175,219.49836302465013,coconut
62.63366054714274,50.723148785757324,76.13649284840868,28.34267921898152,82.83482718829092,8.348883853915751,261.0862332257223,coconut
72.5593452186421,51.96240093248418,80.75510461267649,29.26149294766969,85.15316101491698,7.399800377467298,260.56670217950847,coconut
76.46483838223114,50.967113645637546,67.19292272498858,29.472262908841053,85.44699669856938,7.346231313815909,244.53451945267068,coconut
81.60639467898389,52.02158146108556,71.51631705739518,27.294370145847825,84.3043939587628,7.176467625503013,245.32607292546504,coconut
71.34715515192308,52.129549008237774,77.70260203756361,28.02085726198403,76.65764720684754,7.479211204735398,233.73668825474894,coconut
73.95953974469425,50.51726624307593,76.01323910467126,25.042627059955315,79.65657093849282,6.891624440419026,273.45864897434757,coconut
69.54989217430705,55.15295064522616,69.05976215774585,26.009832853365666,80.9986615667784,6.843313923174132,268.1617876308179,coconut
68.36339815124347,53.957032706853596,78.48167800234165,27.830070371043853,85.58826621855341,7.146125942442611,256.5032765294202,coconut
75.02869530794774,54.15077017176933,77.6521784755208,27.52262408968645,82.08814656957425,7.742572128238474,247.35561304250675,coconut
63.032828084582974,53.989757033184404,76.38992569083943,28.858158647815735,81.99533984433107,8.138593834075046,233.08403650821674,coconut
65.99591507889939,55.5353555176301,72.36855848020139,28.61640306316718,81.71637848710918,6.576602592922896,260.89277445379616,coconut
75.70252158198517,54.11658291976738,70.67595601724103,29.380768238159373,76.75070464666892,7.3888891412737685,257.08996131122655,coconut
66.78749030182313,48.10759182992726,76.40829585935947,27.997101995071873,77.654358631924,7.098369208368367,261.89877315261776,coconut
69.63226245761203,51.969428931129954,74.33771488419684,28.345630773650438,82.22254935610118,7.364893191034312,230.3537603469216,coconut
68.46829486316034,51.46863325079659,77.34115566785108,29.970365228047385,86.33280698105847,7.720664801631859,252.5224029428122,coconut
68.66259811016292,54.49426772005725,74.88096813822257,27.499354136656027,77.72098452787203,7.415633099709516,249.721092431566,coconut
77.54925787583592,55.169286509431956,75.32473596165978,29.333638620323903,79.49034232343622,7.8792736284380815,262.27841449310256,coconut
81.84281921586475,50.0488617961527,76.69633440098123,27.870662740867097,83.1704999698964,7.748441069336869,236.56064636251818,coconut
67.02234930290044,54.379442701184516,81.38127943775851,26.222360595626785,74.35528894799057,7.935307844884885,263.17722554679204,coconut
74.41848466220966,50.41091643219143,76.1311315478868,28.430006386763104,83.85167426290428,7.3873649712634615,250.1263272641493,coconut
74.10626815319317,52.086601149831296,74.57707183394334,27.357604620101704,79.32939811514143,7.495749772808431,247.81219223096497,coconut
68.20619752648388,57.84480950814835,78.37605334109999,27.5111978011161,87.74013151918392,7.201821932646389,250.83602348326727,coconut
69.60940402830526,51.661371434101724,75.31874697834694,28.195836832787492,74.98144659962652,7.271733121720512,254.4728237606044,coconut
71.10203759805765,54.35519775231786,87.42985008587303,29.13592546974002,81.07776945053767,7.386992518401931,250.81757257675184,coconut
71.74059048655404,52.523201344958785,83.70886690663174,26.276667712375577,84.71919652426965,7.653830629438684,234.36831602330722,coconut
72.51018725227291,55.139572617679875,74.19565527835896,31.784927087555424,85.08172097524138,7.298066955754502,243.9590604379077,coconut
66.99799710635128,54.22345902192135,77.29336349183488,25.78738431242957,76.8747365480178,7.133805207623244,245.03936376563135,coconut
68.52894755899189,51.38789382832309,79.84343778731605,29.578525367153166,82.08955232778273,6.503767438710278,248.56287243901144,coconut
72.21998276337972,53.180973716885475,78.2145310947504,28.2188264253019,74.76248402490026,6.361492052235052,259.71171799113785,coconut
67.8852475069551,54.69171405254894,75.6723451210416,27.77996229840606,88.13117675314007,6.928183709926347,250.64602777911938,coconut
65.59859836834788,53.640919419027014,79.10291855273985,29.096008732010755,82.43449119478704,6.850764629707824,254.28939838718333,coconut
73.53679753448735,56.458283749992844,86.42732013577638,28.953364621882145,76.97736512994607,7.216310567585125,252.00853136223304,coconut
74.1529595156375,49.937448351961415,81.0255858664698,29.09573454335821,77.67426275843889,7.695367122930026,239.85236496871337,coconut
69.95328266864128,52.49923262345002,78.04922408389055,26.162904849339697,84.18776534418411,6.515374220123614,244.9747570809313,coconut
67.71158754497114,58.23005505419688,79.36877955509796,27.272328818702732,77.56492479938389,7.451819594982613,241.7820143436753,coconut
78.89611632540452,44.96228454967299,77.29639803436724,24.118431195351167,86.57442483584944,7.096271205734851,273.7556632427491,coconut
67.79394066802091,56.724075226066056,77.90392815608496,29.94603389676122,81.84191965746291,6.175405002133578,240.4339447228943,coconut
63.74940528221968,56.30980269032854,79.37445468549812,28.063270553132664,83.85594014548873,7.521171835898353,242.62318685002714,coconut
77.78177988213753,54.155653058131385,76.16258095464902,25.704880520735333,78.83816089911352,7.442656434315754,248.25123749697119,coconut
68.0693232554502,53.27103531387007,72.0724991947802,28.06685478336553,74.51764077151037,7.072199646083246,240.22929696824468,coconut
73.44747484744671,54.918237776907844,77.34201810911526,26.211148465075837,79.87363995341502,7.777683675668075,268.7551774232665,coconut
64.08413605041768,52.113256861193975,77.48983027611717,28.615654015565887,81.78113393171041,7.722258974503528,230.10952796859013,coconut
76.20573693380445,49.937918216258325,77.28388215573136,28.896101167367412,87.20170124161974,7.823663795458478,263.37321102043035,coconut
75.1056007268717,52.97828214666617,80.34243370662873,30.53695631034251,78.22867354911622,6.845379834486733,236.50033830089217,coconut
75.66523202337066,57.252554564608275,75.4799545180003,28.463206908795918,84.00534707269748,7.889506392549419,223.93721411522876,coconut
67.78236640723523,52.66649639971189,78.4769065907445,28.19715760239338,80.31769823416982,7.567235459008734,214.05578779500073,coconut
82.36959321537947,55.99304427165487,80.99258177472416,27.021941562775957,83.76299553851688,8.321545948333227,277.232000746155,coconut
70.34787950668533,49.678215564115874,77.8126651271657,27.600797115223248,85.82734560041904,6.899576651701216,248.37822760941975,coconut
71.13898475372243,52.05457691685448,81.77192648185718,26.25575909948388,76.03356129658422,7.296643318782701,263.0726346863112,coconut
68.8390765514437,51.67296135655697,80.6737199409706,28.44988373496402,79.36173670003281,7.499612264109674,247.66665965803767,coconut
72.51189025218571,53.931313592012074,73.5688336008123,27.316987026977838,79.88746554511546,7.605470430068839,256.5317034706503,coconut
66.71109257261062,52.90794456450115,78.47444182993944,29.860821840139725,83.01372179869979,8.281843933734287,251.47505343551407,coconut
73.01844349140723,52.48619940850597,72.69536116408304,28.259060665701146,84.1069678665727,7.585023825896807,253.19984538676155,coconut
68.71716363251258,50.96723834208024,75.77029743723436,28.842939916220654,86.32898655232175,6.037300822927737,259.8983812614058,coconut
74.41653778909634,57.374557282777204,78.7982017688982,29.168439122008216,79.73845138803992,7.408447048504707,258.699639477507,coconut
65.63667426429424,51.05367100765885,77.97568681387727,25.92994311224999,82.07862396617003,6.810168791447231,253.9077733298862,coconut
70.16595123168683,51.75564165574494,72.92011049182204,27.26601758517761,71.28011557981925,7.275923556479745,252.79924308086032,coconut
74.91157860967442,51.9201240787496,76.32353317652897,30.332081844720737,90.01059404313979,7.236976205073414,266.2331978017448,coconut
74.79674931610276,55.07512500094382,72.72116445728628,26.562613978523007,84.54949653027205,8.446343679813547,248.49727316782324,coconut
76.379059083917,59.3238703895753,71.55380930609763,27.11617900109463,88.94913872910838,7.864645708113241,259.0282030383578,coconut
70.0061356376152,55.42785571238208,74.29415995518403,32.13683280102996,76.39343935943943,6.6748631368230456,253.24210338789413,coconut
75.88427877692244,51.969544126851964,76.86134007537862,26.431874012454447,81.4801728724823,7.009545715058698,236.57175195884753,coconut
64.10225569669913,51.795265099116826,85.3794514187561,27.990719365721333,82.73861491725266,8.405636391690837,241.90508459137817,coconut
66.01947833760158,55.09636559488513,71.62112256927891,28.624165178328024,87.28650008559802,6.981687595911747,243.53342288285518,coconut
76.91619105782421,50.214050744106025,74.06697069347237,28.470360379149156,80.33397506226295,7.079412461094211,274.2705127699917,coconut
67.69815159903092,54.507980258575266,75.26709449408817,27.71178011937776,75.33607478955828,7.844173124227179,244.84442136179032,coconut
75.21029950210892,49.886450272228835,74.94146737156626,28.86051243957147,82.34619314995746,7.163230255979119,249.1005055184128,coconut
64.79796954614575,53.653300331579864,65.28654998914567,28.364615359278282,88.23990753230972,7.830161766042434,263.4300118819383,coconut
68.34893386267096,54.99907274629112,75.30354006036387,27.93688231460889,81.35089287534163,5.996531627012137,264.492693969675,coconut
9.41448979080869,28.967643794803163,40.947876386372144,25.830526541501904,65.76253558934397,4.598662149556233,265.6275360948337,cotton
8.856120006412663,27.74569673217725,39.61635677932038,26.77507233266133,55.83503833792659,5.275190727401207,310.2535269237552,cotton
9.98057113365271,33.62168085848702,43.68051661396474,26.777855553391113,66.7706374569723,5.377897637583698,319.68548975111287,cotton
9.283522566009385,26.46841078077216,38.23155643957014,27.10904018992996,62.46957077289531,5.106591831659482,305.15751598514635,cotton
8.765762653104085,28.91190044422565,43.34938240384262,26.917607385546958,60.897946852499956,5.589879864632948,306.8060182345174,cotton
8.960611866787595,30.49444090747453,36.97951831963302,26.82338531513887,61.941752873228054,4.652048523870167,314.62183390570505,cotton
10.479009417444075,31.013944225403456,43.21572115446012,29.176719340645406,59.9787130263103,5.482489604080147,295.0559069361172,cotton
8.564921825454247,28.583638330888917,39.688883513282576,28.513912389716623,60.94258146351592,5.467056749314811,280.8219532720651,cotton
8.703663327780333,33.75761917227881,47.49698124628674,27.450651764317147,59.90859057546982,5.527648848226827,270.24797615359154,cotton
9.284796683066828,27.66300815057114,42.184483285540765,27.241252517676386,59.19762441614445,4.978354306638992,263.39718248404563,cotton
8.949476063368591,32.30713903395993,40.204628945440305,28.812293855481663,57.57165421593143,5.148637264786822,281.064248941046,cotton
9.256923253816618,31.50532637081167,36.17304690583423,28.007213308352902,63.03872706546696,5.173704376547944,290.00779323593997,cotton
9.278575387653438,31.36995666438155,41.17890741826214,25.543879654916953,61.13910356512085,5.457973608621245,294.9096908793237,cotton
9.414572435998801,30.520805537970105,39.86828768884162,26.1446305181567,54.0204925464841,5.118277037691868,305.13985777403184,cotton
9.187486526113513,28.588889951074588,43.164027343348714,27.11265175465928,61.10350188443625,5.313566825228191,300.36014699117703,cotton
9.375481789260029,28.71939647975037,45.15400867572393,26.94628735714895,57.91502868886704,5.228192634570599,308.54210394354305,cotton
8.633448130041529,32.43672538632569,40.72279381631596,29.939506022930832,62.93252468032419,5.141873016870265,309.5521793386511,cotton
10.08606477348809,29.558828480725648,41.59412541332007,26.0652325532641,63.80521749998729,4.755994568367959,285.8361917608473,cotton
8.250815735671042,31.18696252411266,35.802517043052866,25.23195131077615,61.532125176123564,5.068989157638517,281.41600618660914,cotton
8.878942448290516,29.35887067876968,36.924142365728294,27.356963748131328,63.40876242901352,5.399400223743101,288.15470932057195,cotton
10.057243384618713,30.966567168759138,43.29552642546152,27.465368099080802,60.730484981568246,4.948798220637802,245.29172033151693,cotton
9.745962279040052,29.9693712784044,45.710117334449194,23.81675121392251,63.53155126685733,4.893002150125702,288.7150152601896,cotton
8.924120726441481,30.769866553791765,40.97617845332201,28.208272360601324,61.123786665875976,5.315144142515835,309.83512112826764,cotton
9.678290733183472,29.938437549502016,43.95451907434988,26.689857094551424,62.0318997995929,5.0791055519349975,277.8612359303057,cotton
7.789075903643796,31.367781620538565,38.34751004302387,27.99129386687067,66.8656247426097,4.784979898872398,303.2804863051559,cotton
9.348971821807343,30.954529504378275,38.251988108103475,26.912085360861973,61.166145742777275,5.596878903640919,324.1584301799407,cotton
9.570451964860494,29.546658191405637,46.253103621426305,26.706263746808897,60.43789516061429,5.205178550622531,296.53416783081667,cotton
9.783621726773914,29.188392928134455,40.80371139559405,29.75331553714298,66.18143244647942,5.307341043534548,293.4107982767889,cotton
9.28059495544573,31.947554521230696,39.860464283652895,27.065989678834434,59.06988449362811,4.992452109365055,289.5784517860736,cotton
9.40786178879336,29.18940150795371,40.92048753799639,26.982539789926257,59.03170279148398,4.983780064142355,286.69459122474,cotton
9.781812037120158,32.09223836909278,41.50936691021377,26.466386351524854,60.55228107048013,5.740975397841187,304.0332883483096,cotton
8.896388166905773,30.09933749330305,39.83587414876661,26.322527449597956,54.83821964262003,5.185574434261305,266.62827642085216,cotton
9.091147117129433,32.80013626273288,43.4156143140607,25.55073714683263,57.08706789870001,4.908556484897758,257.9387066373942,cotton
8.880919207907384,29.726301864617685,38.626536824424484,28.041016143702283,60.48476477997942,5.020781074004809,317.8315318638474,cotton
9.787206845052895,30.312681338472366,45.41037447620747,28.898293868127055,58.22420278606653,5.273437823054586,281.7893380018597,cotton
8.636379442333133,33.463573938096175,44.59894456580594,24.93400679804066,62.36990829089649,4.692575857649252,306.74119718087854,cotton
9.379090959656295,29.691184771217106,44.034467855559015,26.89940703170447,59.767959318884174,5.448411532086284,284.0061637909123,cotton
9.877488501205274,30.197267271826064,43.02451651369762,27.850343653173212,63.41348451519896,4.879580157410356,320.1821260568936,cotton
9.320788569473235,33.24260026275173,39.67786742237634,26.46403813272131,59.754430114357916,5.521842758215489,281.94929435915185,cotton
9.632901126124631,27.47770098964825,39.952262145920606,27.2316979809588,60.29234321291739,4.6206582318916505,297.3462814990582,cotton
8.885645034501403,33.561968536648024,40.63245742669875,30.38102534601765,62.9890784817483,5.31557816829649,281.0441889885404,cotton
9.344798621147206,30.98284458184739,36.47355900493987,28.42808598290395,56.57505132153365,5.101163582043305,243.45401168073505,cotton
9.654757025855185,31.49511471136378,41.75492152402215,27.385643002223862,59.366295161616726,5.223666860897969,309.2001710179575,cotton
9.17649742439294,31.07013247109186,42.808713136308185,26.520051107245035,61.501295822719946,5.2435214271273765,280.74324638732963,cotton
10.731489174490655,29.436808210245292,45.1496461443278,28.54840316153835,53.522031263765804,5.253331363307471,306.27517198325444,cotton
9.851871563870107,28.612328180664704,41.69710593681051,25.016242929586046,57.01063334682485,5.105965931596748,292.16268734369373,cotton
10.28312795853457,30.818633803620106,43.60481223036578,25.011045310552227,56.592532223955615,5.031738601666661,318.3931422321251,cotton
8.675844139817904,27.416269626074754,40.896521549266424,28.73934833599434,54.91412768780301,5.101270734155419,266.180772701309,cotton
10.198438529237926,31.403510296149094,41.72914887976311,26.80524756060912,59.82444603023592,5.218577951587739,278.06455901216526,cotton
8.922249371439987,28.233788668327477,41.10070832835024,25.63250380645588,63.737889887641536,4.542941492654938,298.49129691234833,cotton
9.697330704477361,32.32315870355108,40.465746936504196,24.52489467526115,57.38208596289651,5.51780608813992,283.7797812635633,cotton
9.178160857610704,29.153419318500426,40.9109387513598,26.51711898434222,55.13509250115265,4.99560573322668,305.86431618101903,cotton
10.19791441105176,29.965447668599527,39.826395269426556,28.998833721939548,60.01288264373883,4.8202533695717005,286.7581859559147,cotton
9.784540694040965,32.92314507519764,39.89557911051225,27.717292521614215,59.468677093110195,5.519913202900908,293.22393426183623,cotton
9.546736581408734,28.446570127585336,40.29505609174251,26.362577604065013,47.89627715493413,5.433849991806097,288.6911400772239,cotton
9.288402940406156,29.541099796655608,41.12031561277991,27.247596451662073,56.008992602253855,5.212736837193749,290.76323666056277,cotton
9.41739618120916,27.55945489881976,40.72252133413195,24.857167148010525,61.8640239296066,5.5722546915647975,303.5155628558407,cotton
9.215629705880247,29.222323635869103,39.700454825405174,27.414985344514413,58.2747504804113,5.01317845528246,246.58729983261017,cotton
8.935348986509743,28.794637559871322,39.76362390898507,28.769680492502992,55.82732209402867,4.773256147498291,298.93788314948404,cotton
8.862797283357185,29.88400824206179,41.468768147730096,26.88983680612977,57.877987031846544,5.451532791524104,314.05240367652357,cotton
8.85033606146986,29.692780271984738,43.301720531080406,26.539367144155122,57.08327370182197,5.044515366557213,302.8104203983971,cotton
8.854865903327083,30.61767364554928,41.96462357333301,25.84306718003883,62.61857908207625,5.375270284729709,305.59731195229756,cotton
9.91160429594771,27.54921609340637,43.191265576097585,27.775898057335517,64.07371095322598,4.917847185744377,304.01542254709284,cotton
9.604461542868231,28.134906197337976,44.09578021659055,25.644782748352334,57.03889638506912,5.294071497785979,278.64529246931755,cotton
9.59882130524015,29.741089479698317,41.729424617425146,28.142300696171368,60.508609226367405,5.436401958365533,303.079428588371,cotton
8.943451491100607,31.676707987188866,42.53357311935728,27.07840838848984,64.57461521229585,5.67351146916537,301.6248201498802,cotton
8.599717545207783,30.95808810579299,40.745887734185565,26.450654405954268,61.85339180486725,5.077247545662735,316.2976453822647,cotton
9.554318309536065,30.214691861961175,42.936985075385735,28.12584083176103,64.81507880443624,5.367057178841373,288.3313470120298,cotton
9.47927018039028,26.39834241631453,37.567231020312036,28.500616195248675,59.49931354212658,5.722067446229918,319.2050168793144,cotton
8.72142721623796,30.73086197244272,47.96403457343334,25.649515990885902,62.046388486712424,5.1078946387259485,284.9181799808051,cotton
9.253661154457077,30.158015351798756,42.895425792102934,25.624920486276554,62.43677398795621,4.964905464512901,297.77974427340104,cotton
9.57943836257077,28.82601514332891,41.411961137940544,25.73285309457393,57.67926636869495,5.529170767438651,258.41018794326345,cotton
9.712135407445762,31.430311431045425,39.6621468386548,28.58300509456085,63.86655738466613,4.787772535364971,297.8059970559675,cotton
9.662380168118482,28.896274771457474,42.45275577241484,28.05444747666441,58.120711500200166,4.577507952433777,295.7435507658588,cotton
9.001088057750685,27.17270853319965,40.16085213329212,23.15869912614195,59.467305122684486,5.629596507338423,241.08171528594886,cotton
9.657649257510116,28.568406501991763,40.09336455180883,25.455869644671722,62.90840431129289,5.174383059048553,275.8451363707794,cotton
8.690266540314257,29.44000509680768,43.83386994112554,24.982036536612906,62.13248037376701,5.279641776574673,255.32979188545775,cotton
10.011718219514172,30.12028085460983,46.421119870331225,29.60656248590857,59.779376586141524,5.130998422026219,272.0385317202471,cotton
8.652825642704773,31.593875774754828,40.47542434210936,26.250508670198137,60.05674440412455,5.383457991808506,304.90559387284094,cotton
9.407605320080146,29.84953436421974,41.32720191421687,30.138122069022472,53.29630145159063,4.827068871016167,297.04282076020877,cotton
9.488742299430285,32.367040248985234,44.23779083431933,30.001480268083853,57.8300841895994,5.364470017662976,285.02246308300363,cotton
9.943813767288104,30.525509801564944,43.2183904663013,25.719190806037258,61.262073917929314,5.023045917305781,284.6458539981011,cotton
9.158966976189461,28.375443040030376,43.780087107114404,27.35692574781578,64.56768427712834,4.877024309007478,255.95067123387605,cotton
9.053363647973232,29.93329750280772,42.99991807239691,28.560685570247994,65.03337015266023,5.647469884015538,301.4876077536161,cotton
9.472721178820208,28.84975601877679,42.75295650563184,26.102949977606574,57.82247041159426,5.358499635661011,292.86135237639013,cotton
9.884538670314345,28.933719097988977,43.92597802070828,27.463397253102517,60.08897982279796,4.949594955281003,270.82761725721986,cotton
8.656591411912052,32.69303170964848,37.671419288258726,27.893873965042715,59.81005240835667,5.004875820607752,281.09378134253484,cotton
9.358144873963207,31.812862999768992,42.46007313715247,26.89363216479307,55.80006897923951,4.63782183002426,320.8816521704024,cotton
8.853956434248222,27.418661317572003,43.811869286592874,24.524017926781976,63.33948801072769,5.463792795093894,293.3533790817778,cotton
9.944645488504982,27.73345742265115,38.13985075491611,26.587838786975357,60.67635876188245,5.154003987438396,297.0271145891994,cotton
9.002524603002133,26.416835909788894,42.07380612005396,26.531992987128508,63.587988975787894,5.813000741013855,290.45792920972036,cotton
9.731936151406554,28.6105693387048,43.28689721802049,27.4291251963553,61.570085536550636,5.457955110225953,269.8415366483798,cotton
9.721684166746309,31.012453122222823,44.9323307077759,24.03301487026884,60.35891378577995,5.846899055449958,282.1374019879864,cotton
9.167410586377336,33.36748539080814,47.147244759285975,27.072096954888487,58.12830454894066,4.998125662024301,282.33079537629374,cotton
8.941584591611827,28.761396758044242,41.50805097793377,26.949667767788156,62.378348241024966,5.186765968681195,268.48019509855817,cotton
9.817529345665424,30.633941102528762,39.67665751841736,26.457978116208615,61.818521293854566,5.2023047392222335,286.840904186142,cotton
9.832311677563661,32.08601553143961,40.324282685582894,26.853148382911737,56.714337349346394,5.126835802830156,297.1288322453919,cotton
9.88670756240095,30.492009069116055,40.87145695037705,25.753156324707746,61.43962725992133,4.845851791315709,291.1924218757729,cotton
9.418944346654479,28.585253914917956,41.87533566245224,26.547272745085035,62.807918945860465,5.030701682807002,297.21415970891707,cotton
10.271580133069412,30.51087917266674,42.985735155997844,25.87087180253366,59.40554785338237,4.603565662771907,286.43412975794547,cotton
114.18176005400608,45.97499159972435,77.51177057254077,36.00233638975161,42.3429897835719,7.184693545949847,257.33106249325687,jute
118.64334218062712,41.02434771680378,78.24406590708428,35.86926224476227,53.03930942919634,6.795857847814109,286.3694083615517,jute
114.97190040325775,38.43855558086345,80.59871694998137,36.928175799995756,53.39515569453082,7.318830181507799,253.80736776801174,jute
121.89559415346505,37.28441433557939,73.11815205681049,35.14930853647499,49.644051134738746,7.281708061990807,231.19731522233428,jute
119.9577416315314,40.52135550351411,79.0809488348913,35.5135005992715,48.51565280717917,6.947539653993858,250.88543995173103,jute
114.86104568695825,44.66670775696282,84.01958742786533,38.95551946033964,47.82188915527863,6.971027053423948,246.1840665633604,jute
110.85138233983048,43.27566285819415,74.55852583752763,34.80314920131308,50.45676893901337,8.152515430405982,235.78976366893374,jute
120.33131969166047,36.84164965127609,73.14886550103476,34.26992009194076,51.42993070859468,7.661431410197159,267.1618558899349,jute
121.69330699085816,38.52449131274464,68.29439541855153,33.94569237061381,49.22684837433452,7.489971205313845,238.4733827493833,jute
124.39630854642401,42.126731748210254,72.86273392416253,34.61084130688183,49.787141749764594,7.571906724942225,249.24458788657483,jute
105.85991736574977,38.927760844949844,65.88856609100245,35.720021485798654,52.48963462669909,7.117774927266615,251.98340247865121,jute
112.75135060612189,38.30464947361184,82.56727622786605,37.50818546812216,51.920527707706015,7.397306615956689,255.57841309849834,jute
115.63817877239666,40.99918023330016,70.12537423775275,35.49390039030323,49.31471299231753,6.9607831424420095,274.3202725494678,jute
122.55847768629766,38.08002869257158,67.64759910282501,34.122448226818896,47.998391180863386,7.3189651101829645,227.3745720960299,jute
111.25335490362335,40.078616683173536,75.81915402641776,31.49342755868664,50.47430550355739,7.1493230049059235,234.23559115109012,jute
114.74515563420067,38.31720552571657,77.06112251168226,37.108180620260306,49.571716140253834,7.301903587851399,275.81209742093,jute
129.79294262454147,40.83683546848843,73.35164107930619,37.75374156664738,54.788788214362285,7.354503838800981,276.0688461152476,jute
115.84300760407709,42.49808675579676,71.77131475755195,35.779808483886846,49.12378621841642,7.60132802025621,264.5039487392196,jute
110.74097604026066,39.22359077718745,76.39943273551104,34.65490343960227,56.545715727312526,6.932984979733548,286.93203934787743,jute
112.38099789268401,42.22582565407682,81.09425112336466,36.76059129626342,46.26407721698579,7.439333920766987,250.52436521252162,jute
120.85326826386432,42.25183504729014,78.95196206466733,38.74902157841429,47.62789304473326,8.035768681292296,223.71219421580477,jute
117.9615434962784,37.391532860814785,66.19441412803755,37.57920303026799,50.38402700727297,8.035268385341123,226.04058066584668,jute
108.46695598309702,39.68862686476807,71.08691019357227,35.78651411434213,48.603577487823785,7.435711062402312,232.53458545255745,jute
125.84611550687151,39.166250002585684,68.81400953641617,37.07626866317852,51.925070432632396,7.6867639880486145,252.80611988038274,jute
114.18250310982664,39.61254185461092,64.26512370132679,32.33260970232842,46.777578293465034,7.7182234038735915,267.6318816527259,jute
115.78072475559534,39.28841279703174,78.98120703119008,34.86268597183621,52.44275217067863,7.78386878942642,229.76740786442642,jute
119.1196092224163,40.41132133227326,68.94857316307987,33.43698272671643,46.64123945126546,8.209302625689414,280.89097368937917,jute
121.85276544279924,43.657374017683,68.06578259271889,38.62476566473669,56.410447583909374,8.320264304235895,235.505258765112,jute
124.49834821777085,39.65180812496292,78.76629746409122,34.27077560041904,50.51332301095998,7.330685260952267,256.58808842494733,jute
116.22243129748789,42.57784803968091,77.6591166133913,36.521119947072826,50.36371029767903,7.452544318762293,249.5787770283124,jute
122.17560739312697,40.235801605353124,75.30483915252775,35.557716764107745,50.248792627932964,7.288098807334218,221.52727764441846,jute
120.9366864639644,41.26302147232946,69.72875910388919,39.70917683482959,46.95611534964659,8.042090062243858,253.28386339670985,jute
119.14169660124769,42.643254617854005,78.09989363941801,35.690846518055636,47.28424531380008,7.036174630677368,252.3583114563911,jute
127.98505523560988,42.02789907839748,73.88261362977845,36.34423539901859,52.54741436836102,8.370348157910554,238.18387213069602,jute
122.013300127968,40.594021981751744,70.66235291013513,33.4731475752919,54.31164000772777,7.740217683665992,246.39898021422934,jute
117.6475418577039,42.27693754412226,74.44529764922007,39.065103761096196,49.69806294798752,7.234214046134829,247.8640962776946,jute
110.38220166802634,39.097893286709265,79.45483408314682,39.28140009112524,52.39129534326362,7.680269287231576,235.9692990474228,jute
109.93548652592288,40.8157179393061,74.76969575833787,34.40489820883969,49.1356228800212,8.298805509700863,264.3414422495588,jute
117.32539773626942,40.47890732809887,79.68838238929636,36.4120704808971,51.20516657178727,6.875834047407782,224.34103631369732,jute
103.5843817670154,34.54460641356362,73.96981163513416,36.34755520133226,47.85043432741998,7.791120450135188,256.1623030613494,jute
116.40302293423514,36.40894371301845,80.42911631140105,38.57923453256719,48.73889591217474,8.473044288422992,250.23250063028777,jute
111.4520113623053,38.954271243228675,65.8023960038287,34.89504680748448,45.642955469335405,8.10560636950499,254.32942750949135,jute
107.21886602637201,41.30607204635848,66.41376582314584,35.97696043070044,51.92941425330573,7.6212325759038135,232.7143540469048,jute
116.1717829168845,39.49261136958761,74.29227883691837,38.816309499631515,55.606637581088535,8.309122788868294,240.0540495029144,jute
111.69852181695512,39.9821421487267,75.9551769435582,31.240809137843915,48.62331566996576,8.405197004395323,230.94066764571426,jute
111.76465310952179,38.2359611478316,76.18880495301373,35.50008049606695,49.496399602854616,6.898469614400825,258.64188643140795,jute
116.94894429985688,38.33188937578636,74.12997636131718,37.32222610746114,46.002678820578126,6.882652258780852,234.19792465977517,jute
110.79369663377285,32.6185485965236,71.33318682977894,38.01353207571785,49.47076930934408,8.05183049562785,206.41647791016084,jute
116.1273586143194,43.24722980211422,80.99502904858737,34.56405076466202,47.96932424942608,7.763731099831787,231.2366564970326,jute
114.35996217067361,35.91399427782982,74.37499986084967,35.6432103591801,55.40558348830845,7.751378445633888,239.58407462968893,jute
116.26787064386018,36.82954550669521,74.1597812263839,35.17320979786038,51.74588631541306,8.013609923298878,219.48470625688313,jute
119.21696605376694,41.69035320076915,68.67677273613292,39.70159634188186,48.281930706182486,8.711786877220572,261.23159426615405,jute
123.71684263420899,40.56871456384838,78.49905512290285,33.41281711517494,48.02201428183097,6.693222339692166,257.60600245849866,jute
111.9233222305934,41.724977258394716,76.66353572486508,32.760092326607364,52.59716457365338,7.706491124022737,252.48671257914464,jute
120.1533040970283,39.85688225791286,74.06089823042316,37.8924496639295,47.44756973679054,7.0395184916565245,238.05433129702033,jute
124.1938995614315,39.14679725964945,82.52993906424967,29.026495768983672,48.301971891066074,7.3846729555247705,253.52784640184873,jute
126.31729712194507,39.47233025764672,69.48085581351387,37.42633775537163,55.17062963471845,6.421772091990936,258.16260125380785,jute
118.99813662527882,37.91958539979516,71.88873141231905,36.25123588762803,50.55324099553881,7.474600098455954,231.95180169754622,jute
118.91999993400071,38.323857459219056,74.39064116252128,34.37241612674589,51.070464541799645,7.928863008731683,252.98487705289884,jute
121.53228520967536,36.58859611829665,76.06777067922025,36.250627421597365,48.56338233982207,7.512506275533283,207.46905852877228,jute
117.46002351133403,38.931403906559666,63.909542962036625,36.71106358229139,48.522080781829004,7.713460560245182,245.83671677477108,jute
120.29133561580215,40.119583492040285,72.7113276845089,36.68021395170206,52.9831468018829,6.552756502884726,249.8042793817605,jute
112.70266774115478,37.25324869330351,79.7898327049614,37.67794809642592,47.31635772811135,7.0767297331997785,261.6565741355642,jute
112.47313807345415,39.12380648445571,65.21576590854474,35.329748002063255,53.89432625464045,7.375396475596278,247.61483775864275,jute
129.12737929166474,42.01000519040849,80.30884991072645,36.96746972599895,54.086755230766016,6.8269904805645645,237.0773278008491,jute
105.25126959429387,45.23015990441619,74.78564426807671,35.34909711829835,48.1594773097802,7.122764691113413,207.36600727274788,jute
132.61131931186435,39.70408400329077,74.25156447728185,32.607159935980704,50.26145585482007,7.756740056844997,248.13419209632121,jute
121.1994397238507,37.887960823847884,75.41287017546271,37.52671669408737,52.1447188521152,7.758699612836558,247.79554183271364,jute
109.92945121926492,41.22662894953138,72.2316651048393,33.593353028047574,52.762103041926125,6.8520476852556165,240.99318346037202,jute
122.3011845763373,42.16993803672416,72.30899384845489,35.75078775132478,52.08835456649525,7.553068829153443,237.79701651102746,jute
119.90505947517075,40.29371749282683,74.43753648842868,37.997561808025424,51.371148311155956,7.375912199579601,251.7804871555997,jute
130.48174086706868,38.18249585436196,72.79995314282849,33.902022405276234,51.51461685369703,7.009981133545919,256.0399297998967,jute
122.19298898387322,38.04670230587215,70.20400401183232,32.43329638361499,50.57401004279896,7.074761224663031,239.98843180639201,jute
113.91017352762232,38.25084902366572,77.677154352296,39.027256242715225,43.99564342197602,7.214613390048241,253.0957643016338,jute
109.4811422407766,38.617058740272626,74.90552048480353,38.59134922166534,54.00308346580609,7.4518406441636875,251.31866946213404,jute
114.31833437055715,39.48482817278741,68.76179212441134,31.832788531868033,49.33474410237108,8.030196518039112,260.8027147117016,jute
103.78342063408078,39.44341123252452,71.18947047520552,36.2335370619691,47.12497026896369,8.001261080866376,246.29869588352773,jute
120.91646391758552,42.00414253273909,65.36003711535739,35.154728059959155,55.03139546263043,7.594822897211599,264.9965860852864,jute
119.83316993504128,38.71504507529775,75.2355291029211,37.869283337738345,54.356648711944935,8.245165809479632,232.8311429244834,jute
122.69444705318078,36.61315219116368,73.41050668482654,35.176372214941665,52.35378201329779,7.729597913039772,268.0819553499675,jute
112.59271368233951,41.92669700960325,75.72122820061132,35.628488999631486,46.82626885002582,7.845772088237051,254.12808561352603,jute
122.41000599816408,39.81861236232725,72.85504535116196,36.455008814551114,51.85508945393052,7.899040717985573,277.72570770689924,jute
112.56281340270742,44.70708120888623,60.861768193244885,37.671990324421046,47.98261086808585,8.498221179980398,236.1487535442248,jute
124.32244467967095,37.546845438069106,68.9756732837728,37.33813254940092,53.08436234990911,7.26881779347001,285.3339820204345,jute
114.65122871730529,43.64839099830541,69.50344479491541,33.57034982136873,50.73124396195944,7.126970888603713,256.231443588644,jute
101.86336951435075,40.33741814579587,71.5039771661186,33.577038510911144,51.09772011806021,7.485977627597767,242.7157375693666,jute
122.56289495918193,40.618939457565844,75.67791351608297,38.459773195817256,50.24006765221018,7.967529743215101,243.20037023981533,jute
121.1459141652755,41.17253046929524,71.57570011857844,32.39726131392289,46.59729209512676,7.159469723893832,257.7148094566874,jute
115.95834543241467,39.203596853310174,76.10551645800412,37.179688016481535,54.66593351610621,7.3170267802153335,257.6273306443203,jute
121.8399847917407,37.64551221397337,74.54519580105926,33.67629617343301,49.78223653853147,7.777889191346231,224.09495423997723,jute
110.80585710473643,37.9907007152274,74.40605351197547,34.059135836348595,51.58559853004049,7.198689011947295,241.74699808036672,jute
121.12158645100418,40.67233371486584,74.66602947602509,35.54550854772373,53.481457809893215,8.209559664281782,243.90819260470872,jute
111.83744571368973,37.4366431771096,81.65417964028462,33.72278579639566,46.4778237120727,7.7082606794306345,265.0794618371683,jute
108.28452449475807,39.61891628946116,67.66129929041611,34.14822481043689,55.361189060752,7.663182997102316,245.5614075710786,jute
117.3966625297154,40.587803035598895,73.54324296717103,33.10301642133112,46.905790936027515,8.4966898785633,238.0669926060567,jute
125.25108880209457,38.206032931546,79.73950374195435,37.107327526201495,49.82821459887237,8.496967510679665,235.54466113925804,jute
115.2707509420847,37.874142596213204,70.57176653328416,34.85681102605203,47.583786728423036,7.440220523329302,272.943717914892,jute
104.78104010711505,36.92789265499365,69.79695678424201,34.63820579068241,53.50487748474609,7.913517925625082,256.5594338226783,jute
118.32545842363844,45.616787899865884,69.02818518295477,33.181668337253626,50.38869742228997,7.680586554254938,245.91894587872198,jute
111.04513267472659,36.80227714279143,72.78097243384603,34.124959873441895,49.015568267577486,7.098373619527011,269.37354536796215,jute
8.767300276541931,102.63935176923627,110.76696438336984,16.780070683141922,38.90474456725069,5.123371170593572,208.6621510326444,coffee
9.522426075620894,115.71979833744294,115.65640087318076,17.799966789976796,47.41976970775218,5.091338832406522,194.5064622747375,coffee
9.39198500400691,117.85185119115474,108.95756380522641,15.89398178312067,44.84684862221275,5.169739882342061,198.72312161232455,coffee
8.729671835869308,105.97063812793263,124.24168808297654,17.287895422790104,47.987943257696536,5.190203758479946,203.28845551624917,coffee
9.158146854907628,121.99521573557762,100.33340228159014,16.45587684363227,41.39930456861716,5.2096546594056825,193.81302101890262,coffee
9.75336660204648,120.03775610906482,112.4117647843628,17.454217897268627,43.83133115742785,5.0062613447687205,199.5515938880316,coffee
8.661838701937743,116.64093702454772,118.23390210209189,16.002868116574867,43.84690099447337,5.547822012707197,205.2487737966752,coffee
9.354841372355253,117.24352946037762,103.8640309391263,15.03984592886356,39.67097818087245,5.586810937843072,206.76771045484907,coffee
8.60441629653046,109.45642692207565,115.01876374252505,15.989181086992305,44.856779399610716,4.969591961631042,188.4713319538174,coffee
9.682012153232234,109.72127816149981,112.44602498215629,17.39858690089902,39.217285518254066,5.450187325788021,202.61328339825403,coffee
8.778999442496263,118.18181284225788,104.65425565698138,13.985385223314317,48.96415747714676,5.143216791662238,212.4731443904792,coffee
9.4377578392815,118.30613075100607,115.65463351150117,16.799156314141946,48.14566382308657,5.3854050206306985,216.92356471511738,coffee
8.701777879731873,113.39301431035399,113.17151579106078,16.500660278935765,45.42438946889842,5.83783051457169,211.86470454895434,coffee
8.88928288478479,130.0580989096977,114.81315016076944,16.46090534636967,45.31099231698275,5.129726333910654,188.74111873298185,coffee
8.925476385052116,114.18841846725813,106.83816859609351,16.233230811895503,43.50538739845067,5.049141565915838,180.5276192908793,coffee
8.767483106047976,128.47007817144342,118.55279821246525,17.153366813428367,43.969678360994905,5.56099242415105,193.75791758651565,coffee
8.61599844854647,119.91203601247594,103.08981670371065,16.173530316016787,44.81178576267554,5.7570622410111785,193.44883872687814,coffee
9.077578916599633,111.83662589910811,108.97705388244978,13.539139882527435,41.5741689880812,5.590577213737614,208.03201772467153,coffee
8.939330988711648,133.35213406951937,116.23873851407376,14.936736805610892,43.499345411065995,5.215620810614883,221.0655881277121,coffee
8.384269360855427,119.26220694193219,119.15960604953702,15.346339047243116,44.26061008257606,4.609651513710428,203.0324531776008,coffee
7.699903063579734,113.68456787600377,124.12557085114088,16.512644165918417,44.16469260001539,5.2808716810815906,227.66570377104247,coffee
9.148359717983492,123.53292709313176,109.72207676061835,15.707197313071566,41.30557569267071,5.1795617525953075,193.49800490708475,coffee
9.375742132804818,120.78081066470313,111.85246269493679,15.60253502663776,36.47995923998202,5.050386816407813,205.49952991808289,coffee
9.204612460434255,95.06965425458452,96.59987396560143,16.272926861601853,41.33750120146123,5.166531448712041,196.18650143206415,coffee
9.165978667589169,103.5338130820721,108.83090619896578,17.022446587811192,44.57423603841951,4.976788853909725,207.28158868930205,coffee
9.007304446208176,110.2211607693874,117.24984163304785,16.766828178331018,43.688917048043656,5.526151233394147,187.83566312137333,coffee
9.259546098292741,115.02432094875019,106.37535297259076,15.552453328331477,47.081019088313276,5.061838882825448,197.70062010215864,coffee
8.513850889087974,110.88832474284166,119.06214764682088,18.237867380458386,47.52896039280898,5.391437871435195,210.90438871738903,coffee
8.676519219172638,112.93388306360988,104.80345075610943,17.498491961289897,43.15111208975007,5.012003061251408,194.23886184792374,coffee
8.95821481513477,112.57157788132903,112.76648107413544,16.282078573798078,47.52785608195919,4.84946097934709,205.41257658101503,coffee
8.493391741962348,113.40313167114783,123.4621550886469,16.72111476349659,43.02699445588658,5.386962864125205,201.6405043458107,coffee
9.44181175074229,113.01176800752809,115.91501140309158,15.926605192700869,44.068641716882425,5.187551721635563,194.465971486325,coffee
8.915052606974882,123.13312852494006,108.61573557044647,15.755205196728546,45.00285017397307,5.001385188694274,212.29651053462047,coffee
9.230200824699681,100.55867888744106,108.2966997813343,15.094342347479806,46.20118559930345,5.526031374266805,187.58107458662525,coffee
8.499853609641855,115.82466789205208,110.20185269712466,16.812311989284026,46.59676865959998,5.418626483384404,214.94655727899337,coffee
9.350889571343927,115.89534627161727,109.77536699787385,15.422145237831923,46.180884706101466,5.511405175885478,214.05066238219666,coffee
8.68906542805979,113.70275816335344,114.44428354427198,17.322057379757076,44.97924200120994,5.305585322883423,192.07808603599224,coffee
9.09341433020814,120.09984130932384,106.35908956697634,17.802785600492854,41.65936919642662,5.523816488669806,199.51178036569974,coffee
8.94594779665997,110.99322648976784,108.93367169848297,16.797112415204978,43.54789279855728,5.130803481063838,212.54679647978747,coffee
9.234996912692878,117.54635800955487,114.23843338309077,17.769988571319818,43.61923868443496,5.357116910463274,207.04159181121778,coffee
8.1296984425284,103.1256676405218,113.54551351505792,16.956749377097225,44.58224537752403,5.071983301069633,194.15233490048854,coffee
9.287727602957315,114.36999686874634,101.99194296414002,16.77909472769895,44.67810846723102,5.35471403817739,214.3728448072951,coffee
9.555240633356844,120.26377615499747,111.5400954362327,14.115897346466786,44.82627702043032,5.190738450072646,217.68410396505257,coffee
9.530172698761145,119.68295792632333,121.8078034265369,16.059224005390814,43.9425524480465,4.975261860299265,198.25313387957368,coffee
8.972821015988766,123.68096705628936,107.81036639511446,16.892430957930273,50.139884146284025,4.8210257915058,198.87525891053326,coffee
8.8729636662127,123.31321354210948,125.91411686863947,17.304113165478046,43.95961945724645,4.973889150505555,201.28092188338863,coffee
8.841645858862822,118.0805250396028,106.74508588566252,17.581480694492605,42.17441578466358,5.447016580969262,204.49628356652153,coffee
8.288414857870055,116.85715528234421,112.81775065972857,15.949422121518047,46.15176297364893,5.089445030437973,232.30538118572355,coffee
9.452340626183908,110.10019515589151,96.0959115068224,17.324622247272348,44.70336855822178,5.261112988929716,190.26814176015944,coffee
8.10571042393074,103.55853534841337,129.78095817919936,17.657190330689176,42.60781702253215,5.8169994680125034,179.75714082650808,coffee
9.226464683619433,121.24106235504115,106.92378764395146,15.69007209423763,41.32050794901011,5.247922886295237,217.61839259820923,coffee
9.381531731458931,119.24385775822661,120.11925959069202,14.415634816219917,49.32058566191738,5.218662430703055,186.09086756795824,coffee
8.656850748283032,111.86617699493901,113.2713411613776,16.421856075297487,37.9238758913899,5.626314973791976,222.59763369581185,coffee
8.311936772504584,126.56326584776727,121.06790397264473,17.093470378458306,48.30868149706317,4.800832433978229,210.561278247778,coffee
8.323347123226634,132.76257415738087,106.11025527463697,14.943428380664743,46.976566745628205,5.427538562742377,202.1735627920826,coffee
8.929134000454756,120.59919984995989,124.23668179488158,15.434420126163111,42.555653160369275,5.052953702821182,200.9428603657006,coffee
8.862869118692426,107.39200306511277,114.6590073132876,14.901416266886956,43.20871880999018,5.155217537448938,198.88799831853206,coffee
9.641299468888382,127.72593307149847,119.88130327322882,17.64599542657666,43.271427772644,5.674047480221057,201.18014654325998,coffee
8.97668606620508,118.2273257565373,103.60443523084277,15.529686172492207,43.60425793242038,5.347328266562951,200.27938014065757,coffee
8.403673851210735,108.25793663752813,112.67580595183064,14.976225713402675,40.91620011571992,5.200331330172945,203.954733143204,coffee
8.415060395126709,103.90537581506197,114.54157219104539,16.907318634882394,42.94383972654399,5.114737803696619,173.68254004611248,coffee
9.334203740238575,108.67931343447684,117.46240816344768,15.547440706429954,43.64551139076342,5.173585076129301,180.0325903218529,coffee
10.315908527366716,105.4079223014244,113.34636445281528,15.331200721551303,43.39546622958196,5.66459540055075,179.24023633124875,coffee
8.779374243359364,119.75291598167871,113.41762961557757,16.500534170513124,42.03874922781731,4.717607507751171,185.91498941479296,coffee
8.637500219164991,121.49505696909947,113.14748853894201,17.667696351429587,44.28557198588125,5.293164731820341,204.2157938003086,coffee
7.935034712374492,120.33673338635609,105.1002429911758,15.74968385533518,50.20958361472003,4.8443306811131315,203.2253098121702,coffee
9.010000084300474,117.2161940836953,112.62765092903105,15.576969610998882,49.28142020722784,4.602549724709003,189.36676404560697,coffee
9.643233825869942,120.14644536284017,107.43326435941079,15.248095813582156,43.36160611584602,6.061120801116617,207.76517275787683,coffee
8.307039033932583,117.9779988873251,108.37170620249641,17.56565088721341,44.79598254634587,5.628091738897785,203.743025448975,coffee
9.938102747617728,119.18959376452396,114.49981437924383,15.130893860271978,42.90659856125827,5.354866067238524,195.77975793545346,coffee
10.176585819761149,116.23740888634929,107.45818654433793,17.07181269052538,42.621118794149034,5.360172381105824,200.66191640923049,coffee
8.472306330747918,126.00478096337609,113.22184616887765,17.168915230299525,43.1240161004196,4.7844347056843,186.73646396214684,coffee
8.579475207447917,115.0335223797417,112.97619461825298,16.612988915227138,40.73728966986417,5.304437706400211,187.04307452057574,coffee
8.491583534689765,134.21827483361022,121.20928382712043,15.765914547574521,48.75387229053822,5.677876124144234,212.55705420207028,coffee
9.634611366490114,114.58584754739263,111.75909873159708,15.285495316293199,45.56073389382026,4.83877189917933,195.69450162470795,coffee
9.098561184535656,112.79297443869287,114.94728575979516,17.88148578374595,41.41822205989368,5.67304966951727,193.5215114318374,coffee
8.358556175507717,117.88855382073535,119.55145355315956,15.426552165777524,42.094924103979864,5.09442221839967,193.0720001977218,coffee
8.955102660528421,111.3437694996773,110.88372872760613,16.459161378490858,42.91719670741328,5.594679785308591,193.59744129806745,coffee
8.444905564544928,130.5385292676276,122.77647955605485,16.185678222634163,46.2125352555189,5.339256727793068,195.61281733651154,coffee
9.213965857900783,118.43978950270649,121.26306193383601,14.334559206725215,46.15095929908016,5.284742911333525,193.4724258301009,coffee
8.627060859477837,113.4897522877982,103.6670037272788,15.561846193780944,46.08670253043313,4.7560526220272346,197.23894985913952,coffee
7.598388386573843,112.29920263789013,115.24696489842133,16.068329007165847,44.13617151285012,4.8813379247370605,208.6918193641005,coffee
8.375024730357987,122.65707574688182,114.03462160494972,15.745712973361876,47.944381244453595,5.108422669222577,214.19380988353484,coffee
8.910707762608466,116.32021622102916,119.36734819884171,16.54060826765462,44.00081844596551,5.1953252948551585,204.36279128640282,coffee
8.900668322837861,114.04103837688491,105.60391706790736,13.612051088648204,43.7262115742796,5.156353255687543,216.4927944601924,coffee
9.093869771538902,124.28346492476344,124.33924372218954,16.013646230797082,41.8000435530031,5.489232447550581,194.5873479725128,coffee
8.720245286277994,126.36647158291431,116.3438789061708,17.178908994365955,40.46059194905568,5.243986458297922,215.36070743390187,coffee
8.175051790359257,117.71194185901614,115.34626857899696,13.889206871015176,48.24226127376448,5.0091828021229805,200.14545851495532,coffee
9.748187340811967,103.84255967475232,115.75687157051891,15.686931608531527,44.14183121434042,4.976024836298058,218.3417547457895,coffee
8.261104430108134,118.86117822639417,116.28166473179184,16.030588327130157,43.30510778938001,5.150083438393922,214.21571066741862,coffee
9.096811092535221,115.76582630394233,105.25209239539613,16.273693769144586,45.436796497727435,5.22334761821929,219.23399328705446,coffee
7.84176327357177,133.74421016806323,111.3869199052583,15.0176663130853,39.420495409042985,5.505951630501128,208.7706283852193,coffee
8.74157731708688,116.00015537577549,113.77250637320658,15.710877302000188,47.07773411799548,5.430219125841859,200.38676280706198,coffee
7.986133645762474,125.91345915632697,109.40618515463242,15.120037067579927,47.43893891544097,5.390513479349624,177.452914772866,coffee
7.973985065497701,113.57646289088967,104.14213502830975,15.972646854308277,50.945001154592944,6.17023926113143,201.3599505105319,coffee
9.283976252417107,122.58001514221323,111.84299390072431,14.694983648759846,46.87890681138589,5.17907223537527,207.38391843800653,coffee
9.235424066586944,110.72671113103205,124.06322084894633,16.197723769036063,44.63628941015575,5.09908175556154,210.5018601024026,coffee
9.39783918189435,112.48338151113487,116.61765302151348,15.704698753584735,40.78889870519475,5.131675024590484,209.29030691922023,coffee
9.153867096891853,123.92763789229127,108.10740669125276,15.832905174783122,44.23835474546774,5.430709626359053,200.4983448987123,coffee
8.354759977406582,105.55510903977782,120.65436091471668,17.162906234501147,42.289211643023094,5.701461957957101,201.1614628434978,coffee
